"FullName","Extension","PSIsContainer"
"D:\Projetos\AIvestBR\.github",".github","True"
"D:\Projetos\AIvestBR\.mypy_cache",".mypy_cache","True"
"D:\Projetos\AIvestBR\.pytest_cache",".pytest_cache","True"
"D:\Projetos\AIvestBR\.qodo",".qodo","True"
"D:\Projetos\AIvestBR\.trunk",".trunk","True"
"D:\Projetos\AIvestBR\.vscode",".vscode","True"
"D:\Projetos\AIvestBR\aivestbr","","True"
"D:\Projetos\AIvestBR\config","","True"
"D:\Projetos\AIvestBR\data","","True"
"D:\Projetos\AIvestBR\docs","","True"
"D:\Projetos\AIvestBR\htmlcov","","True"
"D:\Projetos\AIvestBR\logs","","True"
"D:\Projetos\AIvestBR\models","","True"
"D:\Projetos\AIvestBR\notebooks","","True"
"D:\Projetos\AIvestBR\prompts","","True"
"D:\Projetos\AIvestBR\src","","True"
"D:\Projetos\AIvestBR\tests","","True"
"D:\Projetos\AIvestBR\.coverage",".coverage","False"
"D:\Projetos\AIvestBR\.gitignore",".gitignore","False"
"D:\Projetos\AIvestBR\CHANGELOG.md",".md","False"
"D:\Projetos\AIvestBR\LICENSE","","False"
"D:\Projetos\AIvestBR\poetry.lock",".lock","False"
"D:\Projetos\AIvestBR\project_file_list.csv",".csv","False"
"D:\Projetos\AIvestBR\pyproject.toml",".toml","False"
"D:\Projetos\AIvestBR\README.md",".md","False"
"D:\Projetos\AIvestBR\.github\workflows","","True"
"D:\Projetos\AIvestBR\.github\requirements-ci.txt",".txt","False"
"D:\Projetos\AIvestBR\.github\workflows\ci.yml",".yml","False"
"D:\Projetos\AIvestBR\.github\workflows\schedule.yml",".yml","False"
"D:\Projetos\AIvestBR\.github\workflows\update_file_paths.yml",".yml","False"
"D:\Projetos\AIvestBR\.mypy_cache\3.11",".11","True"
"D:\Projetos\AIvestBR\.mypy_cache\.gitignore",".gitignore","False"
"D:\Projetos\AIvestBR\.mypy_cache\CACHEDIR.TAG",".TAG","False"
"D:\Projetos\AIvestBR\.mypy_cache\3.11\_pytest","","True"
"D:\Projetos\AIvestBR\.mypy_cache\3.11\_typeshed","","True"
"D:\Projetos\AIvestBR\.mypy_cache\3.11\aivestbr","","True"
"D:\Projetos\AIvestBR\.mypy_cache\3.11\argcomplete","","True"
"D:\Projetos\AIvestBR\.mypy_cache\3.11\asyncio","","True"
"D:\Projetos\AIvestBR\.mypy_cache\3.11\blinker","","True"
"D:\Projetos\AIvestBR\.mypy_cache\3.11\click","","True"
"D:\Projetos\AIvestBR\.mypy_cache\3.11\collections","","True"
"D:\Projetos\AIvestBR\.mypy_cache\3.11\concurrent","","True"
"D:\Projetos\AIvestBR\.mypy_cache\3.11\config","","True"
"D:\Projetos\AIvestBR\.mypy_cache\3.11\ctypes","","True"
"D:\Projetos\AIvestBR\.mypy_cache\3.11\dotenv","","True"
"D:\Projetos\AIvestBR\.mypy_cache\3.11\email","","True"
"D:\Projetos\AIvestBR\.mypy_cache\3.11\flask","","True"
"D:\Projetos\AIvestBR\.mypy_cache\3.11\html","","True"
"D:\Projetos\AIvestBR\.mypy_cache\3.11\http","","True"
"D:\Projetos\AIvestBR\.mypy_cache\3.11\importlib","","True"
"D:\Projetos\AIvestBR\.mypy_cache\3.11\iniconfig","","True"
"D:\Projetos\AIvestBR\.mypy_cache\3.11\itsdangerous","","True"
"D:\Projetos\AIvestBR\.mypy_cache\3.11\jinja2","","True"
"D:\Projetos\AIvestBR\.mypy_cache\3.11\json","","True"
"D:\Projetos\AIvestBR\.mypy_cache\3.11\logging","","True"
"D:\Projetos\AIvestBR\.mypy_cache\3.11\markupsafe","","True"
"D:\Projetos\AIvestBR\.mypy_cache\3.11\multiprocessing","","True"
"D:\Projetos\AIvestBR\.mypy_cache\3.11\os","","True"
"D:\Projetos\AIvestBR\.mypy_cache\3.11\packaging","","True"
"D:\Projetos\AIvestBR\.mypy_cache\3.11\pluggy","","True"
"D:\Projetos\AIvestBR\.mypy_cache\3.11\pytest","","True"
"D:\Projetos\AIvestBR\.mypy_cache\3.11\sys","","True"
"D:\Projetos\AIvestBR\.mypy_cache\3.11\tests","","True"
"D:\Projetos\AIvestBR\.mypy_cache\3.11\unittest","","True"
"D:\Projetos\AIvestBR\.mypy_cache\3.11\urllib","","True"
"D:\Projetos\AIvestBR\.mypy_cache\3.11\werkzeug","","True"
"D:\Projetos\AIvestBR\.mypy_cache\3.11\wsgiref","","True"
"D:\Projetos\AIvestBR\.mypy_cache\3.11\zipfile","","True"
"D:\Projetos\AIvestBR\.mypy_cache\3.11\__future__.data.json",".json","False"
"D:\Projetos\AIvestBR\.mypy_cache\3.11\__future__.meta.json",".json","False"
"D:\Projetos\AIvestBR\.mypy_cache\3.11\_ast.data.json",".json","False"
"D:\Projetos\AIvestBR\.mypy_cache\3.11\_ast.meta.json",".json","False"
"D:\Projetos\AIvestBR\.mypy_cache\3.11\_asyncio.data.json",".json","False"
"D:\Projetos\AIvestBR\.mypy_cache\3.11\_asyncio.meta.json",".json","False"
"D:\Projetos\AIvestBR\.mypy_cache\3.11\_bisect.data.json",".json","False"
"D:\Projetos\AIvestBR\.mypy_cache\3.11\_bisect.meta.json",".json","False"
"D:\Projetos\AIvestBR\.mypy_cache\3.11\_blake2.data.json",".json","False"
"D:\Projetos\AIvestBR\.mypy_cache\3.11\_blake2.meta.json",".json","False"
"D:\Projetos\AIvestBR\.mypy_cache\3.11\_bz2.data.json",".json","False"
"D:\Projetos\AIvestBR\.mypy_cache\3.11\_bz2.meta.json",".json","False"
"D:\Projetos\AIvestBR\.mypy_cache\3.11\_codecs.data.json",".json","False"
"D:\Projetos\AIvestBR\.mypy_cache\3.11\_codecs.meta.json",".json","False"
"D:\Projetos\AIvestBR\.mypy_cache\3.11\_collections_abc.data.json",".json","False"
"D:\Projetos\AIvestBR\.mypy_cache\3.11\_collections_abc.meta.json",".json","False"
"D:\Projetos\AIvestBR\.mypy_cache\3.11\_compression.data.json",".json","False"
"D:\Projetos\AIvestBR\.mypy_cache\3.11\_compression.meta.json",".json","False"
"D:\Projetos\AIvestBR\.mypy_cache\3.11\_contextvars.data.json",".json","False"
"D:\Projetos\AIvestBR\.mypy_cache\3.11\_contextvars.meta.json",".json","False"
"D:\Projetos\AIvestBR\.mypy_cache\3.11\_ctypes.data.json",".json","False"
"D:\Projetos\AIvestBR\.mypy_cache\3.11\_ctypes.meta.json",".json","False"
"D:\Projetos\AIvestBR\.mypy_cache\3.11\_decimal.data.json",".json","False"
"D:\Projetos\AIvestBR\.mypy_cache\3.11\_decimal.meta.json",".json","False"
"D:\Projetos\AIvestBR\.mypy_cache\3.11\_frozen_importlib_external.data.json",".json","False"
"D:\Projetos\AIvestBR\.mypy_cache\3.11\_frozen_importlib_external.meta.json",".json","False"
"D:\Projetos\AIvestBR\.mypy_cache\3.11\_frozen_importlib.data.json",".json","False"
"D:\Projetos\AIvestBR\.mypy_cache\3.11\_frozen_importlib.meta.json",".json","False"
"D:\Projetos\AIvestBR\.mypy_cache\3.11\_hashlib.data.json",".json","False"
"D:\Projetos\AIvestBR\.mypy_cache\3.11\_hashlib.meta.json",".json","False"
"D:\Projetos\AIvestBR\.mypy_cache\3.11\_io.data.json",".json","False"
"D:\Projetos\AIvestBR\.mypy_cache\3.11\_io.meta.json",".json","False"
"D:\Projetos\AIvestBR\.mypy_cache\3.11\_locale.data.json",".json","False"
"D:\Projetos\AIvestBR\.mypy_cache\3.11\_locale.meta.json",".json","False"
"D:\Projetos\AIvestBR\.mypy_cache\3.11\_operator.data.json",".json","False"
"D:\Projetos\AIvestBR\.mypy_cache\3.11\_operator.meta.json",".json","False"
"D:\Projetos\AIvestBR\.mypy_cache\3.11\_pickle.data.json",".json","False"
"D:\Projetos\AIvestBR\.mypy_cache\3.11\_pickle.meta.json",".json","False"
"D:\Projetos\AIvestBR\.mypy_cache\3.11\_queue.data.json",".json","False"
"D:\Projetos\AIvestBR\.mypy_cache\3.11\_queue.meta.json",".json","False"
"D:\Projetos\AIvestBR\.mypy_cache\3.11\_random.data.json",".json","False"
"D:\Projetos\AIvestBR\.mypy_cache\3.11\_random.meta.json",".json","False"
"D:\Projetos\AIvestBR\.mypy_cache\3.11\_sitebuiltins.data.json",".json","False"
"D:\Projetos\AIvestBR\.mypy_cache\3.11\_sitebuiltins.meta.json",".json","False"
"D:\Projetos\AIvestBR\.mypy_cache\3.11\_socket.data.json",".json","False"
"D:\Projetos\AIvestBR\.mypy_cache\3.11\_socket.meta.json",".json","False"
"D:\Projetos\AIvestBR\.mypy_cache\3.11\_ssl.data.json",".json","False"
"D:\Projetos\AIvestBR\.mypy_cache\3.11\_ssl.meta.json",".json","False"
"D:\Projetos\AIvestBR\.mypy_cache\3.11\_stat.data.json",".json","False"
"D:\Projetos\AIvestBR\.mypy_cache\3.11\_stat.meta.json",".json","False"
"D:\Projetos\AIvestBR\.mypy_cache\3.11\_struct.data.json",".json","False"
"D:\Projetos\AIvestBR\.mypy_cache\3.11\_struct.meta.json",".json","False"
"D:\Projetos\AIvestBR\.mypy_cache\3.11\_thread.data.json",".json","False"
"D:\Projetos\AIvestBR\.mypy_cache\3.11\_thread.meta.json",".json","False"
"D:\Projetos\AIvestBR\.mypy_cache\3.11\_warnings.data.json",".json","False"
"D:\Projetos\AIvestBR\.mypy_cache\3.11\_warnings.meta.json",".json","False"
"D:\Projetos\AIvestBR\.mypy_cache\3.11\_weakref.data.json",".json","False"
"D:\Projetos\AIvestBR\.mypy_cache\3.11\_weakref.meta.json",".json","False"
"D:\Projetos\AIvestBR\.mypy_cache\3.11\_weakrefset.data.json",".json","False"
"D:\Projetos\AIvestBR\.mypy_cache\3.11\_weakrefset.meta.json",".json","False"
"D:\Projetos\AIvestBR\.mypy_cache\3.11\_winapi.data.json",".json","False"
"D:\Projetos\AIvestBR\.mypy_cache\3.11\_winapi.meta.json",".json","False"
"D:\Projetos\AIvestBR\.mypy_cache\3.11\@plugins_snapshot.json",".json","False"
"D:\Projetos\AIvestBR\.mypy_cache\3.11\abc.data.json",".json","False"
"D:\Projetos\AIvestBR\.mypy_cache\3.11\abc.meta.json",".json","False"
"D:\Projetos\AIvestBR\.mypy_cache\3.11\aivestbr.data.json",".json","False"
"D:\Projetos\AIvestBR\.mypy_cache\3.11\aivestbr.meta.json",".json","False"
"D:\Projetos\AIvestBR\.mypy_cache\3.11\argparse.data.json",".json","False"
"D:\Projetos\AIvestBR\.mypy_cache\3.11\argparse.meta.json",".json","False"
"D:\Projetos\AIvestBR\.mypy_cache\3.11\array.data.json",".json","False"
"D:\Projetos\AIvestBR\.mypy_cache\3.11\array.meta.json",".json","False"
"D:\Projetos\AIvestBR\.mypy_cache\3.11\ast.data.json",".json","False"
"D:\Projetos\AIvestBR\.mypy_cache\3.11\ast.meta.json",".json","False"
"D:\Projetos\AIvestBR\.mypy_cache\3.11\atexit.data.json",".json","False"
"D:\Projetos\AIvestBR\.mypy_cache\3.11\atexit.meta.json",".json","False"
"D:\Projetos\AIvestBR\.mypy_cache\3.11\base64.data.json",".json","False"
"D:\Projetos\AIvestBR\.mypy_cache\3.11\base64.meta.json",".json","False"
"D:\Projetos\AIvestBR\.mypy_cache\3.11\bdb.data.json",".json","False"
"D:\Projetos\AIvestBR\.mypy_cache\3.11\bdb.meta.json",".json","False"
"D:\Projetos\AIvestBR\.mypy_cache\3.11\binascii.data.json",".json","False"
"D:\Projetos\AIvestBR\.mypy_cache\3.11\binascii.meta.json",".json","False"
"D:\Projetos\AIvestBR\.mypy_cache\3.11\bisect.data.json",".json","False"
"D:\Projetos\AIvestBR\.mypy_cache\3.11\bisect.meta.json",".json","False"
"D:\Projetos\AIvestBR\.mypy_cache\3.11\builtins.data.json",".json","False"
"D:\Projetos\AIvestBR\.mypy_cache\3.11\builtins.meta.json",".json","False"
"D:\Projetos\AIvestBR\.mypy_cache\3.11\bz2.data.json",".json","False"
"D:\Projetos\AIvestBR\.mypy_cache\3.11\bz2.meta.json",".json","False"
"D:\Projetos\AIvestBR\.mypy_cache\3.11\cmd.data.json",".json","False"
"D:\Projetos\AIvestBR\.mypy_cache\3.11\cmd.meta.json",".json","False"
"D:\Projetos\AIvestBR\.mypy_cache\3.11\code.data.json",".json","False"
"D:\Projetos\AIvestBR\.mypy_cache\3.11\code.meta.json",".json","False"
"D:\Projetos\AIvestBR\.mypy_cache\3.11\codecs.data.json",".json","False"
"D:\Projetos\AIvestBR\.mypy_cache\3.11\codecs.meta.json",".json","False"
"D:\Projetos\AIvestBR\.mypy_cache\3.11\codeop.data.json",".json","False"
"D:\Projetos\AIvestBR\.mypy_cache\3.11\codeop.meta.json",".json","False"
"D:\Projetos\AIvestBR\.mypy_cache\3.11\config.data.json",".json","False"
"D:\Projetos\AIvestBR\.mypy_cache\3.11\config.meta.json",".json","False"
"D:\Projetos\AIvestBR\.mypy_cache\3.11\contextlib.data.json",".json","False"
"D:\Projetos\AIvestBR\.mypy_cache\3.11\contextlib.meta.json",".json","False"
"D:\Projetos\AIvestBR\.mypy_cache\3.11\contextvars.data.json",".json","False"
"D:\Projetos\AIvestBR\.mypy_cache\3.11\contextvars.meta.json",".json","False"
"D:\Projetos\AIvestBR\.mypy_cache\3.11\copy.data.json",".json","False"
"D:\Projetos\AIvestBR\.mypy_cache\3.11\copy.meta.json",".json","False"
"D:\Projetos\AIvestBR\.mypy_cache\3.11\copyreg.data.json",".json","False"
"D:\Projetos\AIvestBR\.mypy_cache\3.11\copyreg.meta.json",".json","False"
"D:\Projetos\AIvestBR\.mypy_cache\3.11\dataclasses.data.json",".json","False"
"D:\Projetos\AIvestBR\.mypy_cache\3.11\dataclasses.meta.json",".json","False"
"D:\Projetos\AIvestBR\.mypy_cache\3.11\datetime.data.json",".json","False"
"D:\Projetos\AIvestBR\.mypy_cache\3.11\datetime.meta.json",".json","False"
"D:\Projetos\AIvestBR\.mypy_cache\3.11\decimal.data.json",".json","False"
"D:\Projetos\AIvestBR\.mypy_cache\3.11\decimal.meta.json",".json","False"
"D:\Projetos\AIvestBR\.mypy_cache\3.11\difflib.data.json",".json","False"
"D:\Projetos\AIvestBR\.mypy_cache\3.11\difflib.meta.json",".json","False"
"D:\Projetos\AIvestBR\.mypy_cache\3.11\dis.data.json",".json","False"
"D:\Projetos\AIvestBR\.mypy_cache\3.11\dis.meta.json",".json","False"
"D:\Projetos\AIvestBR\.mypy_cache\3.11\doctest.data.json",".json","False"
"D:\Projetos\AIvestBR\.mypy_cache\3.11\doctest.meta.json",".json","False"
"D:\Projetos\AIvestBR\.mypy_cache\3.11\enum.data.json",".json","False"
"D:\Projetos\AIvestBR\.mypy_cache\3.11\enum.meta.json",".json","False"
"D:\Projetos\AIvestBR\.mypy_cache\3.11\errno.data.json",".json","False"
"D:\Projetos\AIvestBR\.mypy_cache\3.11\errno.meta.json",".json","False"
"D:\Projetos\AIvestBR\.mypy_cache\3.11\fnmatch.data.json",".json","False"
"D:\Projetos\AIvestBR\.mypy_cache\3.11\fnmatch.meta.json",".json","False"
"D:\Projetos\AIvestBR\.mypy_cache\3.11\fractions.data.json",".json","False"
"D:\Projetos\AIvestBR\.mypy_cache\3.11\fractions.meta.json",".json","False"
"D:\Projetos\AIvestBR\.mypy_cache\3.11\functools.data.json",".json","False"
"D:\Projetos\AIvestBR\.mypy_cache\3.11\functools.meta.json",".json","False"
"D:\Projetos\AIvestBR\.mypy_cache\3.11\gc.data.json",".json","False"
"D:\Projetos\AIvestBR\.mypy_cache\3.11\gc.meta.json",".json","False"
"D:\Projetos\AIvestBR\.mypy_cache\3.11\genericpath.data.json",".json","False"
"D:\Projetos\AIvestBR\.mypy_cache\3.11\genericpath.meta.json",".json","False"
"D:\Projetos\AIvestBR\.mypy_cache\3.11\getpass.data.json",".json","False"
"D:\Projetos\AIvestBR\.mypy_cache\3.11\getpass.meta.json",".json","False"
"D:\Projetos\AIvestBR\.mypy_cache\3.11\gettext.data.json",".json","False"
"D:\Projetos\AIvestBR\.mypy_cache\3.11\gettext.meta.json",".json","False"
"D:\Projetos\AIvestBR\.mypy_cache\3.11\glob.data.json",".json","False"
"D:\Projetos\AIvestBR\.mypy_cache\3.11\glob.meta.json",".json","False"
"D:\Projetos\AIvestBR\.mypy_cache\3.11\gzip.data.json",".json","False"
"D:\Projetos\AIvestBR\.mypy_cache\3.11\gzip.meta.json",".json","False"
"D:\Projetos\AIvestBR\.mypy_cache\3.11\hashlib.data.json",".json","False"
"D:\Projetos\AIvestBR\.mypy_cache\3.11\hashlib.meta.json",".json","False"
"D:\Projetos\AIvestBR\.mypy_cache\3.11\hmac.data.json",".json","False"
"D:\Projetos\AIvestBR\.mypy_cache\3.11\hmac.meta.json",".json","False"
"D:\Projetos\AIvestBR\.mypy_cache\3.11\inspect.data.json",".json","False"
"D:\Projetos\AIvestBR\.mypy_cache\3.11\inspect.meta.json",".json","False"
"D:\Projetos\AIvestBR\.mypy_cache\3.11\io.data.json",".json","False"
"D:\Projetos\AIvestBR\.mypy_cache\3.11\io.meta.json",".json","False"
"D:\Projetos\AIvestBR\.mypy_cache\3.11\itertools.data.json",".json","False"
"D:\Projetos\AIvestBR\.mypy_cache\3.11\itertools.meta.json",".json","False"
"D:\Projetos\AIvestBR\.mypy_cache\3.11\keyword.data.json",".json","False"
"D:\Projetos\AIvestBR\.mypy_cache\3.11\keyword.meta.json",".json","False"
"D:\Projetos\AIvestBR\.mypy_cache\3.11\linecache.data.json",".json","False"
"D:\Projetos\AIvestBR\.mypy_cache\3.11\linecache.meta.json",".json","False"
"D:\Projetos\AIvestBR\.mypy_cache\3.11\locale.data.json",".json","False"
"D:\Projetos\AIvestBR\.mypy_cache\3.11\locale.meta.json",".json","False"
"D:\Projetos\AIvestBR\.mypy_cache\3.11\marshal.data.json",".json","False"
"D:\Projetos\AIvestBR\.mypy_cache\3.11\marshal.meta.json",".json","False"
"D:\Projetos\AIvestBR\.mypy_cache\3.11\math.data.json",".json","False"
"D:\Projetos\AIvestBR\.mypy_cache\3.11\math.meta.json",".json","False"
"D:\Projetos\AIvestBR\.mypy_cache\3.11\mimetypes.data.json",".json","False"
"D:\Projetos\AIvestBR\.mypy_cache\3.11\mimetypes.meta.json",".json","False"
"D:\Projetos\AIvestBR\.mypy_cache\3.11\msvcrt.data.json",".json","False"
"D:\Projetos\AIvestBR\.mypy_cache\3.11\msvcrt.meta.json",".json","False"
"D:\Projetos\AIvestBR\.mypy_cache\3.11\ntpath.data.json",".json","False"
"D:\Projetos\AIvestBR\.mypy_cache\3.11\ntpath.meta.json",".json","False"
"D:\Projetos\AIvestBR\.mypy_cache\3.11\nturl2path.data.json",".json","False"
"D:\Projetos\AIvestBR\.mypy_cache\3.11\nturl2path.meta.json",".json","False"
"D:\Projetos\AIvestBR\.mypy_cache\3.11\numbers.data.json",".json","False"
"D:\Projetos\AIvestBR\.mypy_cache\3.11\numbers.meta.json",".json","False"
"D:\Projetos\AIvestBR\.mypy_cache\3.11\opcode.data.json",".json","False"
"D:\Projetos\AIvestBR\.mypy_cache\3.11\opcode.meta.json",".json","False"
"D:\Projetos\AIvestBR\.mypy_cache\3.11\operator.data.json",".json","False"
"D:\Projetos\AIvestBR\.mypy_cache\3.11\operator.meta.json",".json","False"
"D:\Projetos\AIvestBR\.mypy_cache\3.11\pathlib.data.json",".json","False"
"D:\Projetos\AIvestBR\.mypy_cache\3.11\pathlib.meta.json",".json","False"
"D:\Projetos\AIvestBR\.mypy_cache\3.11\pdb.data.json",".json","False"
"D:\Projetos\AIvestBR\.mypy_cache\3.11\pdb.meta.json",".json","False"
"D:\Projetos\AIvestBR\.mypy_cache\3.11\pickle.data.json",".json","False"
"D:\Projetos\AIvestBR\.mypy_cache\3.11\pickle.meta.json",".json","False"
"D:\Projetos\AIvestBR\.mypy_cache\3.11\pkgutil.data.json",".json","False"
"D:\Projetos\AIvestBR\.mypy_cache\3.11\pkgutil.meta.json",".json","False"
"D:\Projetos\AIvestBR\.mypy_cache\3.11\platform.data.json",".json","False"
"D:\Projetos\AIvestBR\.mypy_cache\3.11\platform.meta.json",".json","False"
"D:\Projetos\AIvestBR\.mypy_cache\3.11\posixpath.data.json",".json","False"
"D:\Projetos\AIvestBR\.mypy_cache\3.11\posixpath.meta.json",".json","False"
"D:\Projetos\AIvestBR\.mypy_cache\3.11\pprint.data.json",".json","False"
"D:\Projetos\AIvestBR\.mypy_cache\3.11\pprint.meta.json",".json","False"
"D:\Projetos\AIvestBR\.mypy_cache\3.11\pydoc.data.json",".json","False"
"D:\Projetos\AIvestBR\.mypy_cache\3.11\pydoc.meta.json",".json","False"
"D:\Projetos\AIvestBR\.mypy_cache\3.11\queue.data.json",".json","False"
"D:\Projetos\AIvestBR\.mypy_cache\3.11\queue.meta.json",".json","False"
"D:\Projetos\AIvestBR\.mypy_cache\3.11\random.data.json",".json","False"
"D:\Projetos\AIvestBR\.mypy_cache\3.11\random.meta.json",".json","False"
"D:\Projetos\AIvestBR\.mypy_cache\3.11\re.data.json",".json","False"
"D:\Projetos\AIvestBR\.mypy_cache\3.11\re.meta.json",".json","False"
"D:\Projetos\AIvestBR\.mypy_cache\3.11\reprlib.data.json",".json","False"
"D:\Projetos\AIvestBR\.mypy_cache\3.11\reprlib.meta.json",".json","False"
"D:\Projetos\AIvestBR\.mypy_cache\3.11\secrets.data.json",".json","False"
"D:\Projetos\AIvestBR\.mypy_cache\3.11\secrets.meta.json",".json","False"
"D:\Projetos\AIvestBR\.mypy_cache\3.11\selectors.data.json",".json","False"
"D:\Projetos\AIvestBR\.mypy_cache\3.11\selectors.meta.json",".json","False"
"D:\Projetos\AIvestBR\.mypy_cache\3.11\shlex.data.json",".json","False"
"D:\Projetos\AIvestBR\.mypy_cache\3.11\shlex.meta.json",".json","False"
"D:\Projetos\AIvestBR\.mypy_cache\3.11\shutil.data.json",".json","False"
"D:\Projetos\AIvestBR\.mypy_cache\3.11\shutil.meta.json",".json","False"
"D:\Projetos\AIvestBR\.mypy_cache\3.11\signal.data.json",".json","False"
"D:\Projetos\AIvestBR\.mypy_cache\3.11\signal.meta.json",".json","False"
"D:\Projetos\AIvestBR\.mypy_cache\3.11\socket.data.json",".json","False"
"D:\Projetos\AIvestBR\.mypy_cache\3.11\socket.meta.json",".json","False"
"D:\Projetos\AIvestBR\.mypy_cache\3.11\socketserver.data.json",".json","False"
"D:\Projetos\AIvestBR\.mypy_cache\3.11\socketserver.meta.json",".json","False"
"D:\Projetos\AIvestBR\.mypy_cache\3.11\sre_compile.data.json",".json","False"
"D:\Projetos\AIvestBR\.mypy_cache\3.11\sre_compile.meta.json",".json","False"
"D:\Projetos\AIvestBR\.mypy_cache\3.11\sre_constants.data.json",".json","False"
"D:\Projetos\AIvestBR\.mypy_cache\3.11\sre_constants.meta.json",".json","False"
"D:\Projetos\AIvestBR\.mypy_cache\3.11\sre_parse.data.json",".json","False"
"D:\Projetos\AIvestBR\.mypy_cache\3.11\sre_parse.meta.json",".json","False"
"D:\Projetos\AIvestBR\.mypy_cache\3.11\ssl.data.json",".json","False"
"D:\Projetos\AIvestBR\.mypy_cache\3.11\ssl.meta.json",".json","False"
"D:\Projetos\AIvestBR\.mypy_cache\3.11\stat.data.json",".json","False"
"D:\Projetos\AIvestBR\.mypy_cache\3.11\stat.meta.json",".json","False"
"D:\Projetos\AIvestBR\.mypy_cache\3.11\string.data.json",".json","False"
"D:\Projetos\AIvestBR\.mypy_cache\3.11\string.meta.json",".json","False"
"D:\Projetos\AIvestBR\.mypy_cache\3.11\struct.data.json",".json","False"
"D:\Projetos\AIvestBR\.mypy_cache\3.11\struct.meta.json",".json","False"
"D:\Projetos\AIvestBR\.mypy_cache\3.11\subprocess.data.json",".json","False"
"D:\Projetos\AIvestBR\.mypy_cache\3.11\subprocess.meta.json",".json","False"
"D:\Projetos\AIvestBR\.mypy_cache\3.11\sysconfig.data.json",".json","False"
"D:\Projetos\AIvestBR\.mypy_cache\3.11\sysconfig.meta.json",".json","False"
"D:\Projetos\AIvestBR\.mypy_cache\3.11\tarfile.data.json",".json","False"
"D:\Projetos\AIvestBR\.mypy_cache\3.11\tarfile.meta.json",".json","False"
"D:\Projetos\AIvestBR\.mypy_cache\3.11\tempfile.data.json",".json","False"
"D:\Projetos\AIvestBR\.mypy_cache\3.11\tempfile.meta.json",".json","False"
"D:\Projetos\AIvestBR\.mypy_cache\3.11\termios.data.json",".json","False"
"D:\Projetos\AIvestBR\.mypy_cache\3.11\termios.meta.json",".json","False"
"D:\Projetos\AIvestBR\.mypy_cache\3.11\textwrap.data.json",".json","False"
"D:\Projetos\AIvestBR\.mypy_cache\3.11\textwrap.meta.json",".json","False"
"D:\Projetos\AIvestBR\.mypy_cache\3.11\threading.data.json",".json","False"
"D:\Projetos\AIvestBR\.mypy_cache\3.11\threading.meta.json",".json","False"
"D:\Projetos\AIvestBR\.mypy_cache\3.11\time.data.json",".json","False"
"D:\Projetos\AIvestBR\.mypy_cache\3.11\time.meta.json",".json","False"
"D:\Projetos\AIvestBR\.mypy_cache\3.11\token.data.json",".json","False"
"D:\Projetos\AIvestBR\.mypy_cache\3.11\token.meta.json",".json","False"
"D:\Projetos\AIvestBR\.mypy_cache\3.11\tokenize.data.json",".json","False"
"D:\Projetos\AIvestBR\.mypy_cache\3.11\tokenize.meta.json",".json","False"
"D:\Projetos\AIvestBR\.mypy_cache\3.11\traceback.data.json",".json","False"
"D:\Projetos\AIvestBR\.mypy_cache\3.11\traceback.meta.json",".json","False"
"D:\Projetos\AIvestBR\.mypy_cache\3.11\tty.data.json",".json","False"
"D:\Projetos\AIvestBR\.mypy_cache\3.11\tty.meta.json",".json","False"
"D:\Projetos\AIvestBR\.mypy_cache\3.11\types.data.json",".json","False"
"D:\Projetos\AIvestBR\.mypy_cache\3.11\types.meta.json",".json","False"
"D:\Projetos\AIvestBR\.mypy_cache\3.11\typing_extensions.data.json",".json","False"
"D:\Projetos\AIvestBR\.mypy_cache\3.11\typing_extensions.meta.json",".json","False"
"D:\Projetos\AIvestBR\.mypy_cache\3.11\typing.data.json",".json","False"
"D:\Projetos\AIvestBR\.mypy_cache\3.11\typing.meta.json",".json","False"
"D:\Projetos\AIvestBR\.mypy_cache\3.11\unicodedata.data.json",".json","False"
"D:\Projetos\AIvestBR\.mypy_cache\3.11\unicodedata.meta.json",".json","False"
"D:\Projetos\AIvestBR\.mypy_cache\3.11\uuid.data.json",".json","False"
"D:\Projetos\AIvestBR\.mypy_cache\3.11\uuid.meta.json",".json","False"
"D:\Projetos\AIvestBR\.mypy_cache\3.11\warnings.data.json",".json","False"
"D:\Projetos\AIvestBR\.mypy_cache\3.11\warnings.meta.json",".json","False"
"D:\Projetos\AIvestBR\.mypy_cache\3.11\weakref.data.json",".json","False"
"D:\Projetos\AIvestBR\.mypy_cache\3.11\weakref.meta.json",".json","False"
"D:\Projetos\AIvestBR\.mypy_cache\3.11\zipimport.data.json",".json","False"
"D:\Projetos\AIvestBR\.mypy_cache\3.11\zipimport.meta.json",".json","False"
"D:\Projetos\AIvestBR\.mypy_cache\3.11\zlib.data.json",".json","False"
"D:\Projetos\AIvestBR\.mypy_cache\3.11\zlib.meta.json",".json","False"
"D:\Projetos\AIvestBR\.mypy_cache\3.11\aivestbr\analysis","","True"
"D:\Projetos\AIvestBR\.mypy_cache\3.11\aivestbr\cli","","True"
"D:\Projetos\AIvestBR\.mypy_cache\3.11\aivestbr\data_ingestion","","True"
"D:\Projetos\AIvestBR\.mypy_cache\3.11\aivestbr\utils","","True"
"D:\Projetos\AIvestBR\.mypy_cache\3.11\aivestbr\__init__.data.json",".json","False"
"D:\Projetos\AIvestBR\.mypy_cache\3.11\aivestbr\__init__.meta.json",".json","False"
"D:\Projetos\AIvestBR\.mypy_cache\3.11\aivestbr\main.data.json",".json","False"
"D:\Projetos\AIvestBR\.mypy_cache\3.11\aivestbr\main.meta.json",".json","False"
"D:\Projetos\AIvestBR\.mypy_cache\3.11\aivestbr\analysis\__init__.data.json",".json","False"
"D:\Projetos\AIvestBR\.mypy_cache\3.11\aivestbr\analysis\__init__.meta.json",".json","False"
"D:\Projetos\AIvestBR\.mypy_cache\3.11\aivestbr\cli\__init__.data.json",".json","False"
"D:\Projetos\AIvestBR\.mypy_cache\3.11\aivestbr\cli\__init__.meta.json",".json","False"
"D:\Projetos\AIvestBR\.mypy_cache\3.11\aivestbr\data_ingestion\sources","","True"
"D:\Projetos\AIvestBR\.mypy_cache\3.11\aivestbr\data_ingestion\__init__.data.json",".json","False"
"D:\Projetos\AIvestBR\.mypy_cache\3.11\aivestbr\data_ingestion\__init__.meta.json",".json","False"
"D:\Projetos\AIvestBR\.mypy_cache\3.11\aivestbr\data_ingestion\configs.data.json",".json","False"
"D:\Projetos\AIvestBR\.mypy_cache\3.11\aivestbr\data_ingestion\configs.meta.json",".json","False"
"D:\Projetos\AIvestBR\.mypy_cache\3.11\aivestbr\data_ingestion\ingest_manager.data.json",".json","False"
"D:\Projetos\AIvestBR\.mypy_cache\3.11\aivestbr\data_ingestion\ingest_manager.meta.json",".json","False"
"D:\Projetos\AIvestBR\.mypy_cache\3.11\aivestbr\data_ingestion\sources\__init__.data.json",".json","False"
"D:\Projetos\AIvestBR\.mypy_cache\3.11\aivestbr\data_ingestion\sources\__init__.meta.json",".json","False"
"D:\Projetos\AIvestBR\.mypy_cache\3.11\aivestbr\data_ingestion\sources\api_ingestor.data.json",".json","False"
"D:\Projetos\AIvestBR\.mypy_cache\3.11\aivestbr\data_ingestion\sources\api_ingestor.meta.json",".json","False"
"D:\Projetos\AIvestBR\.mypy_cache\3.11\aivestbr\data_ingestion\sources\database_ingestor.data.json",".json","False"
"D:\Projetos\AIvestBR\.mypy_cache\3.11\aivestbr\data_ingestion\sources\database_ingestor.meta.json",".json","False"
"D:\Projetos\AIvestBR\.mypy_cache\3.11\aivestbr\data_ingestion\sources\file_ingestor.data.json",".json","False"
"D:\Projetos\AIvestBR\.mypy_cache\3.11\aivestbr\data_ingestion\sources\file_ingestor.meta.json",".json","False"
"D:\Projetos\AIvestBR\.mypy_cache\3.11\aivestbr\data_ingestion\sources\stream_ingestor.data.json",".json","False"
"D:\Projetos\AIvestBR\.mypy_cache\3.11\aivestbr\data_ingestion\sources\stream_ingestor.meta.json",".json","False"
"D:\Projetos\AIvestBR\.mypy_cache\3.11\aivestbr\utils\__init__.data.json",".json","False"
"D:\Projetos\AIvestBR\.mypy_cache\3.11\aivestbr\utils\__init__.meta.json",".json","False"
"D:\Projetos\AIvestBR\.mypy_cache\3.11\aivestbr\utils\data_collection.data.json",".json","False"
"D:\Projetos\AIvestBR\.mypy_cache\3.11\aivestbr\utils\data_collection.meta.json",".json","False"
"D:\Projetos\AIvestBR\.mypy_cache\3.11\aivestbr\utils\file_utils.data.json",".json","False"
"D:\Projetos\AIvestBR\.mypy_cache\3.11\aivestbr\utils\file_utils.meta.json",".json","False"
"D:\Projetos\AIvestBR\.mypy_cache\3.11\aivestbr\utils\http_client.data.json",".json","False"
"D:\Projetos\AIvestBR\.mypy_cache\3.11\aivestbr\utils\http_client.meta.json",".json","False"
"D:\Projetos\AIvestBR\.mypy_cache\3.11\aivestbr\utils\logging_config.data.json",".json","False"
"D:\Projetos\AIvestBR\.mypy_cache\3.11\aivestbr\utils\logging_config.meta.json",".json","False"
"D:\Projetos\AIvestBR\.mypy_cache\3.11\aivestbr\utils\validation.data.json",".json","False"
"D:\Projetos\AIvestBR\.mypy_cache\3.11\aivestbr\utils\validation.meta.json",".json","False"
"D:\Projetos\AIvestBR\.mypy_cache\3.11\argcomplete\packages","","True"
"D:\Projetos\AIvestBR\.mypy_cache\3.11\argcomplete\__init__.data.json",".json","False"
"D:\Projetos\AIvestBR\.mypy_cache\3.11\argcomplete\__init__.meta.json",".json","False"
"D:\Projetos\AIvestBR\.mypy_cache\3.11\argcomplete\completers.data.json",".json","False"
"D:\Projetos\AIvestBR\.mypy_cache\3.11\argcomplete\completers.meta.json",".json","False"
"D:\Projetos\AIvestBR\.mypy_cache\3.11\argcomplete\exceptions.data.json",".json","False"
"D:\Projetos\AIvestBR\.mypy_cache\3.11\argcomplete\exceptions.meta.json",".json","False"
"D:\Projetos\AIvestBR\.mypy_cache\3.11\argcomplete\finders.data.json",".json","False"
"D:\Projetos\AIvestBR\.mypy_cache\3.11\argcomplete\finders.meta.json",".json","False"
"D:\Projetos\AIvestBR\.mypy_cache\3.11\argcomplete\io.data.json",".json","False"
"D:\Projetos\AIvestBR\.mypy_cache\3.11\argcomplete\io.meta.json",".json","False"
"D:\Projetos\AIvestBR\.mypy_cache\3.11\argcomplete\lexers.data.json",".json","False"
"D:\Projetos\AIvestBR\.mypy_cache\3.11\argcomplete\lexers.meta.json",".json","False"
"D:\Projetos\AIvestBR\.mypy_cache\3.11\argcomplete\shell_integration.data.json",".json","False"
"D:\Projetos\AIvestBR\.mypy_cache\3.11\argcomplete\shell_integration.meta.json",".json","False"
"D:\Projetos\AIvestBR\.mypy_cache\3.11\argcomplete\packages\__init__.data.json",".json","False"
"D:\Projetos\AIvestBR\.mypy_cache\3.11\argcomplete\packages\__init__.meta.json",".json","False"
"D:\Projetos\AIvestBR\.mypy_cache\3.11\argcomplete\packages\_argparse.data.json",".json","False"
"D:\Projetos\AIvestBR\.mypy_cache\3.11\argcomplete\packages\_argparse.meta.json",".json","False"
"D:\Projetos\AIvestBR\.mypy_cache\3.11\argcomplete\packages\_shlex.data.json",".json","False"
"D:\Projetos\AIvestBR\.mypy_cache\3.11\argcomplete\packages\_shlex.meta.json",".json","False"
"D:\Projetos\AIvestBR\.mypy_cache\3.11\asyncio\__init__.data.json",".json","False"
"D:\Projetos\AIvestBR\.mypy_cache\3.11\asyncio\__init__.meta.json",".json","False"
"D:\Projetos\AIvestBR\.mypy_cache\3.11\asyncio\base_events.data.json",".json","False"
"D:\Projetos\AIvestBR\.mypy_cache\3.11\asyncio\base_events.meta.json",".json","False"
"D:\Projetos\AIvestBR\.mypy_cache\3.11\asyncio\constants.data.json",".json","False"
"D:\Projetos\AIvestBR\.mypy_cache\3.11\asyncio\constants.meta.json",".json","False"
"D:\Projetos\AIvestBR\.mypy_cache\3.11\asyncio\coroutines.data.json",".json","False"
"D:\Projetos\AIvestBR\.mypy_cache\3.11\asyncio\coroutines.meta.json",".json","False"
"D:\Projetos\AIvestBR\.mypy_cache\3.11\asyncio\events.data.json",".json","False"
"D:\Projetos\AIvestBR\.mypy_cache\3.11\asyncio\events.meta.json",".json","False"
"D:\Projetos\AIvestBR\.mypy_cache\3.11\asyncio\exceptions.data.json",".json","False"
"D:\Projetos\AIvestBR\.mypy_cache\3.11\asyncio\exceptions.meta.json",".json","False"
"D:\Projetos\AIvestBR\.mypy_cache\3.11\asyncio\futures.data.json",".json","False"
"D:\Projetos\AIvestBR\.mypy_cache\3.11\asyncio\futures.meta.json",".json","False"
"D:\Projetos\AIvestBR\.mypy_cache\3.11\asyncio\locks.data.json",".json","False"
"D:\Projetos\AIvestBR\.mypy_cache\3.11\asyncio\locks.meta.json",".json","False"
"D:\Projetos\AIvestBR\.mypy_cache\3.11\asyncio\mixins.data.json",".json","False"
"D:\Projetos\AIvestBR\.mypy_cache\3.11\asyncio\mixins.meta.json",".json","False"
"D:\Projetos\AIvestBR\.mypy_cache\3.11\asyncio\proactor_events.data.json",".json","False"
"D:\Projetos\AIvestBR\.mypy_cache\3.11\asyncio\proactor_events.meta.json",".json","False"
"D:\Projetos\AIvestBR\.mypy_cache\3.11\asyncio\protocols.data.json",".json","False"
"D:\Projetos\AIvestBR\.mypy_cache\3.11\asyncio\protocols.meta.json",".json","False"
"D:\Projetos\AIvestBR\.mypy_cache\3.11\asyncio\queues.data.json",".json","False"
"D:\Projetos\AIvestBR\.mypy_cache\3.11\asyncio\queues.meta.json",".json","False"
"D:\Projetos\AIvestBR\.mypy_cache\3.11\asyncio\runners.data.json",".json","False"
"D:\Projetos\AIvestBR\.mypy_cache\3.11\asyncio\runners.meta.json",".json","False"
"D:\Projetos\AIvestBR\.mypy_cache\3.11\asyncio\selector_events.data.json",".json","False"
"D:\Projetos\AIvestBR\.mypy_cache\3.11\asyncio\selector_events.meta.json",".json","False"
"D:\Projetos\AIvestBR\.mypy_cache\3.11\asyncio\streams.data.json",".json","False"
"D:\Projetos\AIvestBR\.mypy_cache\3.11\asyncio\streams.meta.json",".json","False"
"D:\Projetos\AIvestBR\.mypy_cache\3.11\asyncio\subprocess.data.json",".json","False"
"D:\Projetos\AIvestBR\.mypy_cache\3.11\asyncio\subprocess.meta.json",".json","False"
"D:\Projetos\AIvestBR\.mypy_cache\3.11\asyncio\taskgroups.data.json",".json","False"
"D:\Projetos\AIvestBR\.mypy_cache\3.11\asyncio\taskgroups.meta.json",".json","False"
"D:\Projetos\AIvestBR\.mypy_cache\3.11\asyncio\tasks.data.json",".json","False"
"D:\Projetos\AIvestBR\.mypy_cache\3.11\asyncio\tasks.meta.json",".json","False"
"D:\Projetos\AIvestBR\.mypy_cache\3.11\asyncio\threads.data.json",".json","False"
"D:\Projetos\AIvestBR\.mypy_cache\3.11\asyncio\threads.meta.json",".json","False"
"D:\Projetos\AIvestBR\.mypy_cache\3.11\asyncio\timeouts.data.json",".json","False"
"D:\Projetos\AIvestBR\.mypy_cache\3.11\asyncio\timeouts.meta.json",".json","False"
"D:\Projetos\AIvestBR\.mypy_cache\3.11\asyncio\transports.data.json",".json","False"
"D:\Projetos\AIvestBR\.mypy_cache\3.11\asyncio\transports.meta.json",".json","False"
"D:\Projetos\AIvestBR\.mypy_cache\3.11\asyncio\unix_events.data.json",".json","False"
"D:\Projetos\AIvestBR\.mypy_cache\3.11\asyncio\unix_events.meta.json",".json","False"
"D:\Projetos\AIvestBR\.mypy_cache\3.11\asyncio\windows_events.data.json",".json","False"
"D:\Projetos\AIvestBR\.mypy_cache\3.11\asyncio\windows_events.meta.json",".json","False"
"D:\Projetos\AIvestBR\.mypy_cache\3.11\asyncio\windows_utils.data.json",".json","False"
"D:\Projetos\AIvestBR\.mypy_cache\3.11\asyncio\windows_utils.meta.json",".json","False"
"D:\Projetos\AIvestBR\.mypy_cache\3.11\blinker\__init__.data.json",".json","False"
"D:\Projetos\AIvestBR\.mypy_cache\3.11\blinker\__init__.meta.json",".json","False"
"D:\Projetos\AIvestBR\.mypy_cache\3.11\blinker\_utilities.data.json",".json","False"
"D:\Projetos\AIvestBR\.mypy_cache\3.11\blinker\_utilities.meta.json",".json","False"
"D:\Projetos\AIvestBR\.mypy_cache\3.11\blinker\base.data.json",".json","False"
"D:\Projetos\AIvestBR\.mypy_cache\3.11\blinker\base.meta.json",".json","False"
"D:\Projetos\AIvestBR\.mypy_cache\3.11\click\__init__.data.json",".json","False"
"D:\Projetos\AIvestBR\.mypy_cache\3.11\click\__init__.meta.json",".json","False"
"D:\Projetos\AIvestBR\.mypy_cache\3.11\click\_compat.data.json",".json","False"
"D:\Projetos\AIvestBR\.mypy_cache\3.11\click\_compat.meta.json",".json","False"
"D:\Projetos\AIvestBR\.mypy_cache\3.11\click\_termui_impl.data.json",".json","False"
"D:\Projetos\AIvestBR\.mypy_cache\3.11\click\_termui_impl.meta.json",".json","False"
"D:\Projetos\AIvestBR\.mypy_cache\3.11\click\_winconsole.data.json",".json","False"
"D:\Projetos\AIvestBR\.mypy_cache\3.11\click\_winconsole.meta.json",".json","False"
"D:\Projetos\AIvestBR\.mypy_cache\3.11\click\core.data.json",".json","False"
"D:\Projetos\AIvestBR\.mypy_cache\3.11\click\core.meta.json",".json","False"
"D:\Projetos\AIvestBR\.mypy_cache\3.11\click\decorators.data.json",".json","False"
"D:\Projetos\AIvestBR\.mypy_cache\3.11\click\decorators.meta.json",".json","False"
"D:\Projetos\AIvestBR\.mypy_cache\3.11\click\exceptions.data.json",".json","False"
"D:\Projetos\AIvestBR\.mypy_cache\3.11\click\exceptions.meta.json",".json","False"
"D:\Projetos\AIvestBR\.mypy_cache\3.11\click\formatting.data.json",".json","False"
"D:\Projetos\AIvestBR\.mypy_cache\3.11\click\formatting.meta.json",".json","False"
"D:\Projetos\AIvestBR\.mypy_cache\3.11\click\globals.data.json",".json","False"
"D:\Projetos\AIvestBR\.mypy_cache\3.11\click\globals.meta.json",".json","False"
"D:\Projetos\AIvestBR\.mypy_cache\3.11\click\parser.data.json",".json","False"
"D:\Projetos\AIvestBR\.mypy_cache\3.11\click\parser.meta.json",".json","False"
"D:\Projetos\AIvestBR\.mypy_cache\3.11\click\shell_completion.data.json",".json","False"
"D:\Projetos\AIvestBR\.mypy_cache\3.11\click\shell_completion.meta.json",".json","False"
"D:\Projetos\AIvestBR\.mypy_cache\3.11\click\termui.data.json",".json","False"
"D:\Projetos\AIvestBR\.mypy_cache\3.11\click\termui.meta.json",".json","False"
"D:\Projetos\AIvestBR\.mypy_cache\3.11\click\testing.data.json",".json","False"
"D:\Projetos\AIvestBR\.mypy_cache\3.11\click\testing.meta.json",".json","False"
"D:\Projetos\AIvestBR\.mypy_cache\3.11\click\types.data.json",".json","False"
"D:\Projetos\AIvestBR\.mypy_cache\3.11\click\types.meta.json",".json","False"
"D:\Projetos\AIvestBR\.mypy_cache\3.11\click\utils.data.json",".json","False"
"D:\Projetos\AIvestBR\.mypy_cache\3.11\click\utils.meta.json",".json","False"
"D:\Projetos\AIvestBR\.mypy_cache\3.11\collections\__init__.data.json",".json","False"
"D:\Projetos\AIvestBR\.mypy_cache\3.11\collections\__init__.meta.json",".json","False"
"D:\Projetos\AIvestBR\.mypy_cache\3.11\collections\abc.data.json",".json","False"
"D:\Projetos\AIvestBR\.mypy_cache\3.11\collections\abc.meta.json",".json","False"
"D:\Projetos\AIvestBR\.mypy_cache\3.11\concurrent\futures","","True"
"D:\Projetos\AIvestBR\.mypy_cache\3.11\concurrent\__init__.data.json",".json","False"
"D:\Projetos\AIvestBR\.mypy_cache\3.11\concurrent\__init__.meta.json",".json","False"
"D:\Projetos\AIvestBR\.mypy_cache\3.11\concurrent\futures\__init__.data.json",".json","False"
"D:\Projetos\AIvestBR\.mypy_cache\3.11\concurrent\futures\__init__.meta.json",".json","False"
"D:\Projetos\AIvestBR\.mypy_cache\3.11\concurrent\futures\_base.data.json",".json","False"
"D:\Projetos\AIvestBR\.mypy_cache\3.11\concurrent\futures\_base.meta.json",".json","False"
"D:\Projetos\AIvestBR\.mypy_cache\3.11\concurrent\futures\process.data.json",".json","False"
"D:\Projetos\AIvestBR\.mypy_cache\3.11\concurrent\futures\process.meta.json",".json","False"
"D:\Projetos\AIvestBR\.mypy_cache\3.11\concurrent\futures\thread.data.json",".json","False"
"D:\Projetos\AIvestBR\.mypy_cache\3.11\concurrent\futures\thread.meta.json",".json","False"
"D:\Projetos\AIvestBR\.mypy_cache\3.11\config\__init__.data.json",".json","False"
"D:\Projetos\AIvestBR\.mypy_cache\3.11\config\__init__.meta.json",".json","False"
"D:\Projetos\AIvestBR\.mypy_cache\3.11\config\settings.data.json",".json","False"
"D:\Projetos\AIvestBR\.mypy_cache\3.11\config\settings.meta.json",".json","False"
"D:\Projetos\AIvestBR\.mypy_cache\3.11\ctypes\__init__.data.json",".json","False"
"D:\Projetos\AIvestBR\.mypy_cache\3.11\ctypes\__init__.meta.json",".json","False"
"D:\Projetos\AIvestBR\.mypy_cache\3.11\ctypes\_endian.data.json",".json","False"
"D:\Projetos\AIvestBR\.mypy_cache\3.11\ctypes\_endian.meta.json",".json","False"
"D:\Projetos\AIvestBR\.mypy_cache\3.11\ctypes\wintypes.data.json",".json","False"
"D:\Projetos\AIvestBR\.mypy_cache\3.11\ctypes\wintypes.meta.json",".json","False"
"D:\Projetos\AIvestBR\.mypy_cache\3.11\dotenv\__init__.data.json",".json","False"
"D:\Projetos\AIvestBR\.mypy_cache\3.11\dotenv\__init__.meta.json",".json","False"
"D:\Projetos\AIvestBR\.mypy_cache\3.11\dotenv\main.data.json",".json","False"
"D:\Projetos\AIvestBR\.mypy_cache\3.11\dotenv\main.meta.json",".json","False"
"D:\Projetos\AIvestBR\.mypy_cache\3.11\dotenv\parser.data.json",".json","False"
"D:\Projetos\AIvestBR\.mypy_cache\3.11\dotenv\parser.meta.json",".json","False"
"D:\Projetos\AIvestBR\.mypy_cache\3.11\dotenv\variables.data.json",".json","False"
"D:\Projetos\AIvestBR\.mypy_cache\3.11\dotenv\variables.meta.json",".json","False"
"D:\Projetos\AIvestBR\.mypy_cache\3.11\email\__init__.data.json",".json","False"
"D:\Projetos\AIvestBR\.mypy_cache\3.11\email\__init__.meta.json",".json","False"
"D:\Projetos\AIvestBR\.mypy_cache\3.11\email\_policybase.data.json",".json","False"
"D:\Projetos\AIvestBR\.mypy_cache\3.11\email\_policybase.meta.json",".json","False"
"D:\Projetos\AIvestBR\.mypy_cache\3.11\email\charset.data.json",".json","False"
"D:\Projetos\AIvestBR\.mypy_cache\3.11\email\charset.meta.json",".json","False"
"D:\Projetos\AIvestBR\.mypy_cache\3.11\email\contentmanager.data.json",".json","False"
"D:\Projetos\AIvestBR\.mypy_cache\3.11\email\contentmanager.meta.json",".json","False"
"D:\Projetos\AIvestBR\.mypy_cache\3.11\email\errors.data.json",".json","False"
"D:\Projetos\AIvestBR\.mypy_cache\3.11\email\errors.meta.json",".json","False"
"D:\Projetos\AIvestBR\.mypy_cache\3.11\email\header.data.json",".json","False"
"D:\Projetos\AIvestBR\.mypy_cache\3.11\email\header.meta.json",".json","False"
"D:\Projetos\AIvestBR\.mypy_cache\3.11\email\message.data.json",".json","False"
"D:\Projetos\AIvestBR\.mypy_cache\3.11\email\message.meta.json",".json","False"
"D:\Projetos\AIvestBR\.mypy_cache\3.11\email\policy.data.json",".json","False"
"D:\Projetos\AIvestBR\.mypy_cache\3.11\email\policy.meta.json",".json","False"
"D:\Projetos\AIvestBR\.mypy_cache\3.11\email\utils.data.json",".json","False"
"D:\Projetos\AIvestBR\.mypy_cache\3.11\email\utils.meta.json",".json","False"
"D:\Projetos\AIvestBR\.mypy_cache\3.11\flask\json","","True"
"D:\Projetos\AIvestBR\.mypy_cache\3.11\flask\sansio","","True"
"D:\Projetos\AIvestBR\.mypy_cache\3.11\flask\__init__.data.json",".json","False"
"D:\Projetos\AIvestBR\.mypy_cache\3.11\flask\__init__.meta.json",".json","False"
"D:\Projetos\AIvestBR\.mypy_cache\3.11\flask\app.data.json",".json","False"
"D:\Projetos\AIvestBR\.mypy_cache\3.11\flask\app.meta.json",".json","False"
"D:\Projetos\AIvestBR\.mypy_cache\3.11\flask\blueprints.data.json",".json","False"
"D:\Projetos\AIvestBR\.mypy_cache\3.11\flask\blueprints.meta.json",".json","False"
"D:\Projetos\AIvestBR\.mypy_cache\3.11\flask\cli.data.json",".json","False"
"D:\Projetos\AIvestBR\.mypy_cache\3.11\flask\cli.meta.json",".json","False"
"D:\Projetos\AIvestBR\.mypy_cache\3.11\flask\config.data.json",".json","False"
"D:\Projetos\AIvestBR\.mypy_cache\3.11\flask\config.meta.json",".json","False"
"D:\Projetos\AIvestBR\.mypy_cache\3.11\flask\ctx.data.json",".json","False"
"D:\Projetos\AIvestBR\.mypy_cache\3.11\flask\ctx.meta.json",".json","False"
"D:\Projetos\AIvestBR\.mypy_cache\3.11\flask\debughelpers.data.json",".json","False"
"D:\Projetos\AIvestBR\.mypy_cache\3.11\flask\debughelpers.meta.json",".json","False"
"D:\Projetos\AIvestBR\.mypy_cache\3.11\flask\globals.data.json",".json","False"
"D:\Projetos\AIvestBR\.mypy_cache\3.11\flask\globals.meta.json",".json","False"
"D:\Projetos\AIvestBR\.mypy_cache\3.11\flask\helpers.data.json",".json","False"
"D:\Projetos\AIvestBR\.mypy_cache\3.11\flask\helpers.meta.json",".json","False"
"D:\Projetos\AIvestBR\.mypy_cache\3.11\flask\logging.data.json",".json","False"
"D:\Projetos\AIvestBR\.mypy_cache\3.11\flask\logging.meta.json",".json","False"
"D:\Projetos\AIvestBR\.mypy_cache\3.11\flask\sansio.data.json",".json","False"
"D:\Projetos\AIvestBR\.mypy_cache\3.11\flask\sansio.meta.json",".json","False"
"D:\Projetos\AIvestBR\.mypy_cache\3.11\flask\sessions.data.json",".json","False"
"D:\Projetos\AIvestBR\.mypy_cache\3.11\flask\sessions.meta.json",".json","False"
"D:\Projetos\AIvestBR\.mypy_cache\3.11\flask\signals.data.json",".json","False"
"D:\Projetos\AIvestBR\.mypy_cache\3.11\flask\signals.meta.json",".json","False"
"D:\Projetos\AIvestBR\.mypy_cache\3.11\flask\templating.data.json",".json","False"
"D:\Projetos\AIvestBR\.mypy_cache\3.11\flask\templating.meta.json",".json","False"
"D:\Projetos\AIvestBR\.mypy_cache\3.11\flask\testing.data.json",".json","False"
"D:\Projetos\AIvestBR\.mypy_cache\3.11\flask\testing.meta.json",".json","False"
"D:\Projetos\AIvestBR\.mypy_cache\3.11\flask\typing.data.json",".json","False"
"D:\Projetos\AIvestBR\.mypy_cache\3.11\flask\typing.meta.json",".json","False"
"D:\Projetos\AIvestBR\.mypy_cache\3.11\flask\wrappers.data.json",".json","False"
"D:\Projetos\AIvestBR\.mypy_cache\3.11\flask\wrappers.meta.json",".json","False"
"D:\Projetos\AIvestBR\.mypy_cache\3.11\flask\json\__init__.data.json",".json","False"
"D:\Projetos\AIvestBR\.mypy_cache\3.11\flask\json\__init__.meta.json",".json","False"
"D:\Projetos\AIvestBR\.mypy_cache\3.11\flask\json\provider.data.json",".json","False"
"D:\Projetos\AIvestBR\.mypy_cache\3.11\flask\json\provider.meta.json",".json","False"
"D:\Projetos\AIvestBR\.mypy_cache\3.11\flask\json\tag.data.json",".json","False"
"D:\Projetos\AIvestBR\.mypy_cache\3.11\flask\json\tag.meta.json",".json","False"
"D:\Projetos\AIvestBR\.mypy_cache\3.11\flask\sansio\app.data.json",".json","False"
"D:\Projetos\AIvestBR\.mypy_cache\3.11\flask\sansio\app.meta.json",".json","False"
"D:\Projetos\AIvestBR\.mypy_cache\3.11\flask\sansio\blueprints.data.json",".json","False"
"D:\Projetos\AIvestBR\.mypy_cache\3.11\flask\sansio\blueprints.meta.json",".json","False"
"D:\Projetos\AIvestBR\.mypy_cache\3.11\flask\sansio\scaffold.data.json",".json","False"
"D:\Projetos\AIvestBR\.mypy_cache\3.11\flask\sansio\scaffold.meta.json",".json","False"
"D:\Projetos\AIvestBR\.mypy_cache\3.11\html\__init__.data.json",".json","False"
"D:\Projetos\AIvestBR\.mypy_cache\3.11\html\__init__.meta.json",".json","False"
"D:\Projetos\AIvestBR\.mypy_cache\3.11\http\__init__.data.json",".json","False"
"D:\Projetos\AIvestBR\.mypy_cache\3.11\http\__init__.meta.json",".json","False"
"D:\Projetos\AIvestBR\.mypy_cache\3.11\http\client.data.json",".json","False"
"D:\Projetos\AIvestBR\.mypy_cache\3.11\http\client.meta.json",".json","False"
"D:\Projetos\AIvestBR\.mypy_cache\3.11\http\cookiejar.data.json",".json","False"
"D:\Projetos\AIvestBR\.mypy_cache\3.11\http\cookiejar.meta.json",".json","False"
"D:\Projetos\AIvestBR\.mypy_cache\3.11\http\server.data.json",".json","False"
"D:\Projetos\AIvestBR\.mypy_cache\3.11\http\server.meta.json",".json","False"
"D:\Projetos\AIvestBR\.mypy_cache\3.11\importlib\metadata","","True"
"D:\Projetos\AIvestBR\.mypy_cache\3.11\importlib\resources","","True"
"D:\Projetos\AIvestBR\.mypy_cache\3.11\importlib\__init__.data.json",".json","False"
"D:\Projetos\AIvestBR\.mypy_cache\3.11\importlib\__init__.meta.json",".json","False"
"D:\Projetos\AIvestBR\.mypy_cache\3.11\importlib\_abc.data.json",".json","False"
"D:\Projetos\AIvestBR\.mypy_cache\3.11\importlib\_abc.meta.json",".json","False"
"D:\Projetos\AIvestBR\.mypy_cache\3.11\importlib\_bootstrap_external.data.json",".json","False"
"D:\Projetos\AIvestBR\.mypy_cache\3.11\importlib\_bootstrap_external.meta.json",".json","False"
"D:\Projetos\AIvestBR\.mypy_cache\3.11\importlib\_bootstrap.data.json",".json","False"
"D:\Projetos\AIvestBR\.mypy_cache\3.11\importlib\_bootstrap.meta.json",".json","False"
"D:\Projetos\AIvestBR\.mypy_cache\3.11\importlib\abc.data.json",".json","False"
"D:\Projetos\AIvestBR\.mypy_cache\3.11\importlib\abc.meta.json",".json","False"
"D:\Projetos\AIvestBR\.mypy_cache\3.11\importlib\machinery.data.json",".json","False"
"D:\Projetos\AIvestBR\.mypy_cache\3.11\importlib\machinery.meta.json",".json","False"
"D:\Projetos\AIvestBR\.mypy_cache\3.11\importlib\readers.data.json",".json","False"
"D:\Projetos\AIvestBR\.mypy_cache\3.11\importlib\readers.meta.json",".json","False"
"D:\Projetos\AIvestBR\.mypy_cache\3.11\importlib\util.data.json",".json","False"
"D:\Projetos\AIvestBR\.mypy_cache\3.11\importlib\util.meta.json",".json","False"
"D:\Projetos\AIvestBR\.mypy_cache\3.11\importlib\metadata\__init__.data.json",".json","False"
"D:\Projetos\AIvestBR\.mypy_cache\3.11\importlib\metadata\__init__.meta.json",".json","False"
"D:\Projetos\AIvestBR\.mypy_cache\3.11\importlib\metadata\_meta.data.json",".json","False"
"D:\Projetos\AIvestBR\.mypy_cache\3.11\importlib\metadata\_meta.meta.json",".json","False"
"D:\Projetos\AIvestBR\.mypy_cache\3.11\importlib\resources\__init__.data.json",".json","False"
"D:\Projetos\AIvestBR\.mypy_cache\3.11\importlib\resources\__init__.meta.json",".json","False"
"D:\Projetos\AIvestBR\.mypy_cache\3.11\importlib\resources\_common.data.json",".json","False"
"D:\Projetos\AIvestBR\.mypy_cache\3.11\importlib\resources\_common.meta.json",".json","False"
"D:\Projetos\AIvestBR\.mypy_cache\3.11\importlib\resources\abc.data.json",".json","False"
"D:\Projetos\AIvestBR\.mypy_cache\3.11\importlib\resources\abc.meta.json",".json","False"
"D:\Projetos\AIvestBR\.mypy_cache\3.11\importlib\resources\readers.data.json",".json","False"
"D:\Projetos\AIvestBR\.mypy_cache\3.11\importlib\resources\readers.meta.json",".json","False"
"D:\Projetos\AIvestBR\.mypy_cache\3.11\iniconfig\__init__.data.json",".json","False"
"D:\Projetos\AIvestBR\.mypy_cache\3.11\iniconfig\__init__.meta.json",".json","False"
"D:\Projetos\AIvestBR\.mypy_cache\3.11\iniconfig\_parse.data.json",".json","False"
"D:\Projetos\AIvestBR\.mypy_cache\3.11\iniconfig\_parse.meta.json",".json","False"
"D:\Projetos\AIvestBR\.mypy_cache\3.11\iniconfig\exceptions.data.json",".json","False"
"D:\Projetos\AIvestBR\.mypy_cache\3.11\iniconfig\exceptions.meta.json",".json","False"
"D:\Projetos\AIvestBR\.mypy_cache\3.11\itsdangerous\__init__.data.json",".json","False"
"D:\Projetos\AIvestBR\.mypy_cache\3.11\itsdangerous\__init__.meta.json",".json","False"
"D:\Projetos\AIvestBR\.mypy_cache\3.11\itsdangerous\_json.data.json",".json","False"
"D:\Projetos\AIvestBR\.mypy_cache\3.11\itsdangerous\_json.meta.json",".json","False"
"D:\Projetos\AIvestBR\.mypy_cache\3.11\itsdangerous\encoding.data.json",".json","False"
"D:\Projetos\AIvestBR\.mypy_cache\3.11\itsdangerous\encoding.meta.json",".json","False"
"D:\Projetos\AIvestBR\.mypy_cache\3.11\itsdangerous\exc.data.json",".json","False"
"D:\Projetos\AIvestBR\.mypy_cache\3.11\itsdangerous\exc.meta.json",".json","False"
"D:\Projetos\AIvestBR\.mypy_cache\3.11\itsdangerous\serializer.data.json",".json","False"
"D:\Projetos\AIvestBR\.mypy_cache\3.11\itsdangerous\serializer.meta.json",".json","False"
"D:\Projetos\AIvestBR\.mypy_cache\3.11\itsdangerous\signer.data.json",".json","False"
"D:\Projetos\AIvestBR\.mypy_cache\3.11\itsdangerous\signer.meta.json",".json","False"
"D:\Projetos\AIvestBR\.mypy_cache\3.11\itsdangerous\timed.data.json",".json","False"
"D:\Projetos\AIvestBR\.mypy_cache\3.11\itsdangerous\timed.meta.json",".json","False"
"D:\Projetos\AIvestBR\.mypy_cache\3.11\itsdangerous\url_safe.data.json",".json","False"
"D:\Projetos\AIvestBR\.mypy_cache\3.11\itsdangerous\url_safe.meta.json",".json","False"
"D:\Projetos\AIvestBR\.mypy_cache\3.11\jinja2\__init__.data.json",".json","False"
"D:\Projetos\AIvestBR\.mypy_cache\3.11\jinja2\__init__.meta.json",".json","False"
"D:\Projetos\AIvestBR\.mypy_cache\3.11\jinja2\_identifier.data.json",".json","False"
"D:\Projetos\AIvestBR\.mypy_cache\3.11\jinja2\_identifier.meta.json",".json","False"
"D:\Projetos\AIvestBR\.mypy_cache\3.11\jinja2\async_utils.data.json",".json","False"
"D:\Projetos\AIvestBR\.mypy_cache\3.11\jinja2\async_utils.meta.json",".json","False"
"D:\Projetos\AIvestBR\.mypy_cache\3.11\jinja2\bccache.data.json",".json","False"
"D:\Projetos\AIvestBR\.mypy_cache\3.11\jinja2\bccache.meta.json",".json","False"
"D:\Projetos\AIvestBR\.mypy_cache\3.11\jinja2\compiler.data.json",".json","False"
"D:\Projetos\AIvestBR\.mypy_cache\3.11\jinja2\compiler.meta.json",".json","False"
"D:\Projetos\AIvestBR\.mypy_cache\3.11\jinja2\debug.data.json",".json","False"
"D:\Projetos\AIvestBR\.mypy_cache\3.11\jinja2\debug.meta.json",".json","False"
"D:\Projetos\AIvestBR\.mypy_cache\3.11\jinja2\defaults.data.json",".json","False"
"D:\Projetos\AIvestBR\.mypy_cache\3.11\jinja2\defaults.meta.json",".json","False"
"D:\Projetos\AIvestBR\.mypy_cache\3.11\jinja2\environment.data.json",".json","False"
"D:\Projetos\AIvestBR\.mypy_cache\3.11\jinja2\environment.meta.json",".json","False"
"D:\Projetos\AIvestBR\.mypy_cache\3.11\jinja2\exceptions.data.json",".json","False"
"D:\Projetos\AIvestBR\.mypy_cache\3.11\jinja2\exceptions.meta.json",".json","False"
"D:\Projetos\AIvestBR\.mypy_cache\3.11\jinja2\ext.data.json",".json","False"
"D:\Projetos\AIvestBR\.mypy_cache\3.11\jinja2\ext.meta.json",".json","False"
"D:\Projetos\AIvestBR\.mypy_cache\3.11\jinja2\filters.data.json",".json","False"
"D:\Projetos\AIvestBR\.mypy_cache\3.11\jinja2\filters.meta.json",".json","False"
"D:\Projetos\AIvestBR\.mypy_cache\3.11\jinja2\idtracking.data.json",".json","False"
"D:\Projetos\AIvestBR\.mypy_cache\3.11\jinja2\idtracking.meta.json",".json","False"
"D:\Projetos\AIvestBR\.mypy_cache\3.11\jinja2\lexer.data.json",".json","False"
"D:\Projetos\AIvestBR\.mypy_cache\3.11\jinja2\lexer.meta.json",".json","False"
"D:\Projetos\AIvestBR\.mypy_cache\3.11\jinja2\loaders.data.json",".json","False"
"D:\Projetos\AIvestBR\.mypy_cache\3.11\jinja2\loaders.meta.json",".json","False"
"D:\Projetos\AIvestBR\.mypy_cache\3.11\jinja2\nodes.data.json",".json","False"
"D:\Projetos\AIvestBR\.mypy_cache\3.11\jinja2\nodes.meta.json",".json","False"
"D:\Projetos\AIvestBR\.mypy_cache\3.11\jinja2\optimizer.data.json",".json","False"
"D:\Projetos\AIvestBR\.mypy_cache\3.11\jinja2\optimizer.meta.json",".json","False"
"D:\Projetos\AIvestBR\.mypy_cache\3.11\jinja2\parser.data.json",".json","False"
"D:\Projetos\AIvestBR\.mypy_cache\3.11\jinja2\parser.meta.json",".json","False"
"D:\Projetos\AIvestBR\.mypy_cache\3.11\jinja2\runtime.data.json",".json","False"
"D:\Projetos\AIvestBR\.mypy_cache\3.11\jinja2\runtime.meta.json",".json","False"
"D:\Projetos\AIvestBR\.mypy_cache\3.11\jinja2\sandbox.data.json",".json","False"
"D:\Projetos\AIvestBR\.mypy_cache\3.11\jinja2\sandbox.meta.json",".json","False"
"D:\Projetos\AIvestBR\.mypy_cache\3.11\jinja2\tests.data.json",".json","False"
"D:\Projetos\AIvestBR\.mypy_cache\3.11\jinja2\tests.meta.json",".json","False"
"D:\Projetos\AIvestBR\.mypy_cache\3.11\jinja2\utils.data.json",".json","False"
"D:\Projetos\AIvestBR\.mypy_cache\3.11\jinja2\utils.meta.json",".json","False"
"D:\Projetos\AIvestBR\.mypy_cache\3.11\jinja2\visitor.data.json",".json","False"
"D:\Projetos\AIvestBR\.mypy_cache\3.11\jinja2\visitor.meta.json",".json","False"
"D:\Projetos\AIvestBR\.mypy_cache\3.11\json\__init__.data.json",".json","False"
"D:\Projetos\AIvestBR\.mypy_cache\3.11\json\__init__.meta.json",".json","False"
"D:\Projetos\AIvestBR\.mypy_cache\3.11\json\decoder.data.json",".json","False"
"D:\Projetos\AIvestBR\.mypy_cache\3.11\json\decoder.meta.json",".json","False"
"D:\Projetos\AIvestBR\.mypy_cache\3.11\json\encoder.data.json",".json","False"
"D:\Projetos\AIvestBR\.mypy_cache\3.11\json\encoder.meta.json",".json","False"
"D:\Projetos\AIvestBR\.mypy_cache\3.11\logging\__init__.data.json",".json","False"
"D:\Projetos\AIvestBR\.mypy_cache\3.11\logging\__init__.meta.json",".json","False"
"D:\Projetos\AIvestBR\.mypy_cache\3.11\logging\handlers.data.json",".json","False"
"D:\Projetos\AIvestBR\.mypy_cache\3.11\logging\handlers.meta.json",".json","False"
"D:\Projetos\AIvestBR\.mypy_cache\3.11\markupsafe\__init__.data.json",".json","False"
"D:\Projetos\AIvestBR\.mypy_cache\3.11\markupsafe\__init__.meta.json",".json","False"
"D:\Projetos\AIvestBR\.mypy_cache\3.11\markupsafe\_native.data.json",".json","False"
"D:\Projetos\AIvestBR\.mypy_cache\3.11\markupsafe\_native.meta.json",".json","False"
"D:\Projetos\AIvestBR\.mypy_cache\3.11\markupsafe\_speedups.data.json",".json","False"
"D:\Projetos\AIvestBR\.mypy_cache\3.11\markupsafe\_speedups.meta.json",".json","False"
"D:\Projetos\AIvestBR\.mypy_cache\3.11\multiprocessing\__init__.data.json",".json","False"
"D:\Projetos\AIvestBR\.mypy_cache\3.11\multiprocessing\__init__.meta.json",".json","False"
"D:\Projetos\AIvestBR\.mypy_cache\3.11\multiprocessing\connection.data.json",".json","False"
"D:\Projetos\AIvestBR\.mypy_cache\3.11\multiprocessing\connection.meta.json",".json","False"
"D:\Projetos\AIvestBR\.mypy_cache\3.11\multiprocessing\context.data.json",".json","False"
"D:\Projetos\AIvestBR\.mypy_cache\3.11\multiprocessing\context.meta.json",".json","False"
"D:\Projetos\AIvestBR\.mypy_cache\3.11\multiprocessing\managers.data.json",".json","False"
"D:\Projetos\AIvestBR\.mypy_cache\3.11\multiprocessing\managers.meta.json",".json","False"
"D:\Projetos\AIvestBR\.mypy_cache\3.11\multiprocessing\pool.data.json",".json","False"
"D:\Projetos\AIvestBR\.mypy_cache\3.11\multiprocessing\pool.meta.json",".json","False"
"D:\Projetos\AIvestBR\.mypy_cache\3.11\multiprocessing\popen_fork.data.json",".json","False"
"D:\Projetos\AIvestBR\.mypy_cache\3.11\multiprocessing\popen_fork.meta.json",".json","False"
"D:\Projetos\AIvestBR\.mypy_cache\3.11\multiprocessing\popen_forkserver.data.json",".json","False"
"D:\Projetos\AIvestBR\.mypy_cache\3.11\multiprocessing\popen_forkserver.meta.json",".json","False"
"D:\Projetos\AIvestBR\.mypy_cache\3.11\multiprocessing\popen_spawn_posix.data.json",".json","False"
"D:\Projetos\AIvestBR\.mypy_cache\3.11\multiprocessing\popen_spawn_posix.meta.json",".json","False"
"D:\Projetos\AIvestBR\.mypy_cache\3.11\multiprocessing\popen_spawn_win32.data.json",".json","False"
"D:\Projetos\AIvestBR\.mypy_cache\3.11\multiprocessing\popen_spawn_win32.meta.json",".json","False"
"D:\Projetos\AIvestBR\.mypy_cache\3.11\multiprocessing\process.data.json",".json","False"
"D:\Projetos\AIvestBR\.mypy_cache\3.11\multiprocessing\process.meta.json",".json","False"
"D:\Projetos\AIvestBR\.mypy_cache\3.11\multiprocessing\queues.data.json",".json","False"
"D:\Projetos\AIvestBR\.mypy_cache\3.11\multiprocessing\queues.meta.json",".json","False"
"D:\Projetos\AIvestBR\.mypy_cache\3.11\multiprocessing\reduction.data.json",".json","False"
"D:\Projetos\AIvestBR\.mypy_cache\3.11\multiprocessing\reduction.meta.json",".json","False"
"D:\Projetos\AIvestBR\.mypy_cache\3.11\multiprocessing\shared_memory.data.json",".json","False"
"D:\Projetos\AIvestBR\.mypy_cache\3.11\multiprocessing\shared_memory.meta.json",".json","False"
"D:\Projetos\AIvestBR\.mypy_cache\3.11\multiprocessing\sharedctypes.data.json",".json","False"
"D:\Projetos\AIvestBR\.mypy_cache\3.11\multiprocessing\sharedctypes.meta.json",".json","False"
"D:\Projetos\AIvestBR\.mypy_cache\3.11\multiprocessing\spawn.data.json",".json","False"
"D:\Projetos\AIvestBR\.mypy_cache\3.11\multiprocessing\spawn.meta.json",".json","False"
"D:\Projetos\AIvestBR\.mypy_cache\3.11\multiprocessing\synchronize.data.json",".json","False"
"D:\Projetos\AIvestBR\.mypy_cache\3.11\multiprocessing\synchronize.meta.json",".json","False"
"D:\Projetos\AIvestBR\.mypy_cache\3.11\multiprocessing\util.data.json",".json","False"
"D:\Projetos\AIvestBR\.mypy_cache\3.11\multiprocessing\util.meta.json",".json","False"
"D:\Projetos\AIvestBR\.mypy_cache\3.11\os\__init__.data.json",".json","False"
"D:\Projetos\AIvestBR\.mypy_cache\3.11\os\__init__.meta.json",".json","False"
"D:\Projetos\AIvestBR\.mypy_cache\3.11\os\path.data.json",".json","False"
"D:\Projetos\AIvestBR\.mypy_cache\3.11\os\path.meta.json",".json","False"
"D:\Projetos\AIvestBR\.mypy_cache\3.11\packaging\__init__.data.json",".json","False"
"D:\Projetos\AIvestBR\.mypy_cache\3.11\packaging\__init__.meta.json",".json","False"
"D:\Projetos\AIvestBR\.mypy_cache\3.11\packaging\_elffile.data.json",".json","False"
"D:\Projetos\AIvestBR\.mypy_cache\3.11\packaging\_elffile.meta.json",".json","False"
"D:\Projetos\AIvestBR\.mypy_cache\3.11\packaging\_manylinux.data.json",".json","False"
"D:\Projetos\AIvestBR\.mypy_cache\3.11\packaging\_manylinux.meta.json",".json","False"
"D:\Projetos\AIvestBR\.mypy_cache\3.11\packaging\_musllinux.data.json",".json","False"
"D:\Projetos\AIvestBR\.mypy_cache\3.11\packaging\_musllinux.meta.json",".json","False"
"D:\Projetos\AIvestBR\.mypy_cache\3.11\packaging\_parser.data.json",".json","False"
"D:\Projetos\AIvestBR\.mypy_cache\3.11\packaging\_parser.meta.json",".json","False"
"D:\Projetos\AIvestBR\.mypy_cache\3.11\packaging\_structures.data.json",".json","False"
"D:\Projetos\AIvestBR\.mypy_cache\3.11\packaging\_structures.meta.json",".json","False"
"D:\Projetos\AIvestBR\.mypy_cache\3.11\packaging\_tokenizer.data.json",".json","False"
"D:\Projetos\AIvestBR\.mypy_cache\3.11\packaging\_tokenizer.meta.json",".json","False"
"D:\Projetos\AIvestBR\.mypy_cache\3.11\packaging\markers.data.json",".json","False"
"D:\Projetos\AIvestBR\.mypy_cache\3.11\packaging\markers.meta.json",".json","False"
"D:\Projetos\AIvestBR\.mypy_cache\3.11\packaging\requirements.data.json",".json","False"
"D:\Projetos\AIvestBR\.mypy_cache\3.11\packaging\requirements.meta.json",".json","False"
"D:\Projetos\AIvestBR\.mypy_cache\3.11\packaging\specifiers.data.json",".json","False"
"D:\Projetos\AIvestBR\.mypy_cache\3.11\packaging\specifiers.meta.json",".json","False"
"D:\Projetos\AIvestBR\.mypy_cache\3.11\packaging\tags.data.json",".json","False"
"D:\Projetos\AIvestBR\.mypy_cache\3.11\packaging\tags.meta.json",".json","False"
"D:\Projetos\AIvestBR\.mypy_cache\3.11\packaging\utils.data.json",".json","False"
"D:\Projetos\AIvestBR\.mypy_cache\3.11\packaging\utils.meta.json",".json","False"
"D:\Projetos\AIvestBR\.mypy_cache\3.11\packaging\version.data.json",".json","False"
"D:\Projetos\AIvestBR\.mypy_cache\3.11\packaging\version.meta.json",".json","False"
"D:\Projetos\AIvestBR\.mypy_cache\3.11\pluggy\__init__.data.json",".json","False"
"D:\Projetos\AIvestBR\.mypy_cache\3.11\pluggy\__init__.meta.json",".json","False"
"D:\Projetos\AIvestBR\.mypy_cache\3.11\pluggy\_callers.data.json",".json","False"
"D:\Projetos\AIvestBR\.mypy_cache\3.11\pluggy\_callers.meta.json",".json","False"
"D:\Projetos\AIvestBR\.mypy_cache\3.11\pluggy\_hooks.data.json",".json","False"
"D:\Projetos\AIvestBR\.mypy_cache\3.11\pluggy\_hooks.meta.json",".json","False"
"D:\Projetos\AIvestBR\.mypy_cache\3.11\pluggy\_manager.data.json",".json","False"
"D:\Projetos\AIvestBR\.mypy_cache\3.11\pluggy\_manager.meta.json",".json","False"
"D:\Projetos\AIvestBR\.mypy_cache\3.11\pluggy\_result.data.json",".json","False"
"D:\Projetos\AIvestBR\.mypy_cache\3.11\pluggy\_result.meta.json",".json","False"
"D:\Projetos\AIvestBR\.mypy_cache\3.11\pluggy\_tracing.data.json",".json","False"
"D:\Projetos\AIvestBR\.mypy_cache\3.11\pluggy\_tracing.meta.json",".json","False"
"D:\Projetos\AIvestBR\.mypy_cache\3.11\pluggy\_version.data.json",".json","False"
"D:\Projetos\AIvestBR\.mypy_cache\3.11\pluggy\_version.meta.json",".json","False"
"D:\Projetos\AIvestBR\.mypy_cache\3.11\pluggy\_warnings.data.json",".json","False"
"D:\Projetos\AIvestBR\.mypy_cache\3.11\pluggy\_warnings.meta.json",".json","False"
"D:\Projetos\AIvestBR\.mypy_cache\3.11\pytest\__init__.data.json",".json","False"
"D:\Projetos\AIvestBR\.mypy_cache\3.11\pytest\__init__.meta.json",".json","False"
"D:\Projetos\AIvestBR\.mypy_cache\3.11\sys\__init__.data.json",".json","False"
"D:\Projetos\AIvestBR\.mypy_cache\3.11\sys\__init__.meta.json",".json","False"
"D:\Projetos\AIvestBR\.mypy_cache\3.11\tests\analysis","","True"
"D:\Projetos\AIvestBR\.mypy_cache\3.11\tests\cli","","True"
"D:\Projetos\AIvestBR\.mypy_cache\3.11\tests\config","","True"
"D:\Projetos\AIvestBR\.mypy_cache\3.11\tests\data_ingestion","","True"
"D:\Projetos\AIvestBR\.mypy_cache\3.11\tests\main","","True"
"D:\Projetos\AIvestBR\.mypy_cache\3.11\tests\utils","","True"
"D:\Projetos\AIvestBR\.mypy_cache\3.11\tests\__init__.data.json",".json","False"
"D:\Projetos\AIvestBR\.mypy_cache\3.11\tests\__init__.meta.json",".json","False"
"D:\Projetos\AIvestBR\.mypy_cache\3.11\tests\analysis.data.json",".json","False"
"D:\Projetos\AIvestBR\.mypy_cache\3.11\tests\analysis.meta.json",".json","False"
"D:\Projetos\AIvestBR\.mypy_cache\3.11\tests\cli.data.json",".json","False"
"D:\Projetos\AIvestBR\.mypy_cache\3.11\tests\cli.meta.json",".json","False"
"D:\Projetos\AIvestBR\.mypy_cache\3.11\tests\config.data.json",".json","False"
"D:\Projetos\AIvestBR\.mypy_cache\3.11\tests\config.meta.json",".json","False"
"D:\Projetos\AIvestBR\.mypy_cache\3.11\tests\data_ingestion.data.json",".json","False"
"D:\Projetos\AIvestBR\.mypy_cache\3.11\tests\data_ingestion.meta.json",".json","False"
"D:\Projetos\AIvestBR\.mypy_cache\3.11\tests\main.data.json",".json","False"
"D:\Projetos\AIvestBR\.mypy_cache\3.11\tests\main.meta.json",".json","False"
"D:\Projetos\AIvestBR\.mypy_cache\3.11\tests\test_settings.data.json",".json","False"
"D:\Projetos\AIvestBR\.mypy_cache\3.11\tests\test_settings.meta.json",".json","False"
"D:\Projetos\AIvestBR\.mypy_cache\3.11\tests\utils.data.json",".json","False"
"D:\Projetos\AIvestBR\.mypy_cache\3.11\tests\utils.meta.json",".json","False"
"D:\Projetos\AIvestBR\.mypy_cache\3.11\tests\analysis\test_init.data.json",".json","False"
"D:\Projetos\AIvestBR\.mypy_cache\3.11\tests\analysis\test_init.meta.json",".json","False"
"D:\Projetos\AIvestBR\.mypy_cache\3.11\tests\cli\test_init.data.json",".json","False"
"D:\Projetos\AIvestBR\.mypy_cache\3.11\tests\cli\test_init.meta.json",".json","False"
"D:\Projetos\AIvestBR\.mypy_cache\3.11\tests\config\test_settings.data.json",".json","False"
"D:\Projetos\AIvestBR\.mypy_cache\3.11\tests\config\test_settings.meta.json",".json","False"
"D:\Projetos\AIvestBR\.mypy_cache\3.11\tests\data_ingestion\test_init.data.json",".json","False"
"D:\Projetos\AIvestBR\.mypy_cache\3.11\tests\data_ingestion\test_init.meta.json",".json","False"
"D:\Projetos\AIvestBR\.mypy_cache\3.11\tests\main\test_main.data.json",".json","False"
"D:\Projetos\AIvestBR\.mypy_cache\3.11\tests\main\test_main.meta.json",".json","False"
"D:\Projetos\AIvestBR\.mypy_cache\3.11\tests\utils\test_data_collection.data.json",".json","False"
"D:\Projetos\AIvestBR\.mypy_cache\3.11\tests\utils\test_data_collection.meta.json",".json","False"
"D:\Projetos\AIvestBR\.mypy_cache\3.11\tests\utils\test_logging_config.data.json",".json","False"
"D:\Projetos\AIvestBR\.mypy_cache\3.11\tests\utils\test_logging_config.meta.json",".json","False"
"D:\Projetos\AIvestBR\.mypy_cache\3.11\unittest\__init__.data.json",".json","False"
"D:\Projetos\AIvestBR\.mypy_cache\3.11\unittest\__init__.meta.json",".json","False"
"D:\Projetos\AIvestBR\.mypy_cache\3.11\unittest\_log.data.json",".json","False"
"D:\Projetos\AIvestBR\.mypy_cache\3.11\unittest\_log.meta.json",".json","False"
"D:\Projetos\AIvestBR\.mypy_cache\3.11\unittest\async_case.data.json",".json","False"
"D:\Projetos\AIvestBR\.mypy_cache\3.11\unittest\async_case.meta.json",".json","False"
"D:\Projetos\AIvestBR\.mypy_cache\3.11\unittest\case.data.json",".json","False"
"D:\Projetos\AIvestBR\.mypy_cache\3.11\unittest\case.meta.json",".json","False"
"D:\Projetos\AIvestBR\.mypy_cache\3.11\unittest\loader.data.json",".json","False"
"D:\Projetos\AIvestBR\.mypy_cache\3.11\unittest\loader.meta.json",".json","False"
"D:\Projetos\AIvestBR\.mypy_cache\3.11\unittest\main.data.json",".json","False"
"D:\Projetos\AIvestBR\.mypy_cache\3.11\unittest\main.meta.json",".json","False"
"D:\Projetos\AIvestBR\.mypy_cache\3.11\unittest\mock.data.json",".json","False"
"D:\Projetos\AIvestBR\.mypy_cache\3.11\unittest\mock.meta.json",".json","False"
"D:\Projetos\AIvestBR\.mypy_cache\3.11\unittest\result.data.json",".json","False"
"D:\Projetos\AIvestBR\.mypy_cache\3.11\unittest\result.meta.json",".json","False"
"D:\Projetos\AIvestBR\.mypy_cache\3.11\unittest\runner.data.json",".json","False"
"D:\Projetos\AIvestBR\.mypy_cache\3.11\unittest\runner.meta.json",".json","False"
"D:\Projetos\AIvestBR\.mypy_cache\3.11\unittest\signals.data.json",".json","False"
"D:\Projetos\AIvestBR\.mypy_cache\3.11\unittest\signals.meta.json",".json","False"
"D:\Projetos\AIvestBR\.mypy_cache\3.11\unittest\suite.data.json",".json","False"
"D:\Projetos\AIvestBR\.mypy_cache\3.11\unittest\suite.meta.json",".json","False"
"D:\Projetos\AIvestBR\.mypy_cache\3.11\urllib\__init__.data.json",".json","False"
"D:\Projetos\AIvestBR\.mypy_cache\3.11\urllib\__init__.meta.json",".json","False"
"D:\Projetos\AIvestBR\.mypy_cache\3.11\urllib\error.data.json",".json","False"
"D:\Projetos\AIvestBR\.mypy_cache\3.11\urllib\error.meta.json",".json","False"
"D:\Projetos\AIvestBR\.mypy_cache\3.11\urllib\parse.data.json",".json","False"
"D:\Projetos\AIvestBR\.mypy_cache\3.11\urllib\parse.meta.json",".json","False"
"D:\Projetos\AIvestBR\.mypy_cache\3.11\urllib\request.data.json",".json","False"
"D:\Projetos\AIvestBR\.mypy_cache\3.11\urllib\request.meta.json",".json","False"
"D:\Projetos\AIvestBR\.mypy_cache\3.11\urllib\response.data.json",".json","False"
"D:\Projetos\AIvestBR\.mypy_cache\3.11\urllib\response.meta.json",".json","False"
"D:\Projetos\AIvestBR\.mypy_cache\3.11\werkzeug\datastructures","","True"
"D:\Projetos\AIvestBR\.mypy_cache\3.11\werkzeug\debug","","True"
"D:\Projetos\AIvestBR\.mypy_cache\3.11\werkzeug\routing","","True"
"D:\Projetos\AIvestBR\.mypy_cache\3.11\werkzeug\sansio","","True"
"D:\Projetos\AIvestBR\.mypy_cache\3.11\werkzeug\wrappers","","True"
"D:\Projetos\AIvestBR\.mypy_cache\3.11\werkzeug\__init__.data.json",".json","False"
"D:\Projetos\AIvestBR\.mypy_cache\3.11\werkzeug\__init__.meta.json",".json","False"
"D:\Projetos\AIvestBR\.mypy_cache\3.11\werkzeug\_internal.data.json",".json","False"
"D:\Projetos\AIvestBR\.mypy_cache\3.11\werkzeug\_internal.meta.json",".json","False"
"D:\Projetos\AIvestBR\.mypy_cache\3.11\werkzeug\exceptions.data.json",".json","False"
"D:\Projetos\AIvestBR\.mypy_cache\3.11\werkzeug\exceptions.meta.json",".json","False"
"D:\Projetos\AIvestBR\.mypy_cache\3.11\werkzeug\formparser.data.json",".json","False"
"D:\Projetos\AIvestBR\.mypy_cache\3.11\werkzeug\formparser.meta.json",".json","False"
"D:\Projetos\AIvestBR\.mypy_cache\3.11\werkzeug\http.data.json",".json","False"
"D:\Projetos\AIvestBR\.mypy_cache\3.11\werkzeug\http.meta.json",".json","False"
"D:\Projetos\AIvestBR\.mypy_cache\3.11\werkzeug\local.data.json",".json","False"
"D:\Projetos\AIvestBR\.mypy_cache\3.11\werkzeug\local.meta.json",".json","False"
"D:\Projetos\AIvestBR\.mypy_cache\3.11\werkzeug\security.data.json",".json","False"
"D:\Projetos\AIvestBR\.mypy_cache\3.11\werkzeug\security.meta.json",".json","False"
"D:\Projetos\AIvestBR\.mypy_cache\3.11\werkzeug\serving.data.json",".json","False"
"D:\Projetos\AIvestBR\.mypy_cache\3.11\werkzeug\serving.meta.json",".json","False"
"D:\Projetos\AIvestBR\.mypy_cache\3.11\werkzeug\test.data.json",".json","False"
"D:\Projetos\AIvestBR\.mypy_cache\3.11\werkzeug\test.meta.json",".json","False"
"D:\Projetos\AIvestBR\.mypy_cache\3.11\werkzeug\urls.data.json",".json","False"
"D:\Projetos\AIvestBR\.mypy_cache\3.11\werkzeug\urls.meta.json",".json","False"
"D:\Projetos\AIvestBR\.mypy_cache\3.11\werkzeug\user_agent.data.json",".json","False"
"D:\Projetos\AIvestBR\.mypy_cache\3.11\werkzeug\user_agent.meta.json",".json","False"
"D:\Projetos\AIvestBR\.mypy_cache\3.11\werkzeug\utils.data.json",".json","False"
"D:\Projetos\AIvestBR\.mypy_cache\3.11\werkzeug\utils.meta.json",".json","False"
"D:\Projetos\AIvestBR\.mypy_cache\3.11\werkzeug\wsgi.data.json",".json","False"
"D:\Projetos\AIvestBR\.mypy_cache\3.11\werkzeug\wsgi.meta.json",".json","False"
"D:\Projetos\AIvestBR\.mypy_cache\3.11\werkzeug\datastructures\__init__.data.json",".json","False"
"D:\Projetos\AIvestBR\.mypy_cache\3.11\werkzeug\datastructures\__init__.meta.json",".json","False"
"D:\Projetos\AIvestBR\.mypy_cache\3.11\werkzeug\datastructures\accept.data.json",".json","False"
"D:\Projetos\AIvestBR\.mypy_cache\3.11\werkzeug\datastructures\accept.meta.json",".json","False"
"D:\Projetos\AIvestBR\.mypy_cache\3.11\werkzeug\datastructures\auth.data.json",".json","False"
"D:\Projetos\AIvestBR\.mypy_cache\3.11\werkzeug\datastructures\auth.meta.json",".json","False"
"D:\Projetos\AIvestBR\.mypy_cache\3.11\werkzeug\datastructures\cache_control.data.json",".json","False"
"D:\Projetos\AIvestBR\.mypy_cache\3.11\werkzeug\datastructures\cache_control.meta.json",".json","False"
"D:\Projetos\AIvestBR\.mypy_cache\3.11\werkzeug\datastructures\csp.data.json",".json","False"
"D:\Projetos\AIvestBR\.mypy_cache\3.11\werkzeug\datastructures\csp.meta.json",".json","False"
"D:\Projetos\AIvestBR\.mypy_cache\3.11\werkzeug\datastructures\etag.data.json",".json","False"
"D:\Projetos\AIvestBR\.mypy_cache\3.11\werkzeug\datastructures\etag.meta.json",".json","False"
"D:\Projetos\AIvestBR\.mypy_cache\3.11\werkzeug\datastructures\file_storage.data.json",".json","False"
"D:\Projetos\AIvestBR\.mypy_cache\3.11\werkzeug\datastructures\file_storage.meta.json",".json","False"
"D:\Projetos\AIvestBR\.mypy_cache\3.11\werkzeug\datastructures\headers.data.json",".json","False"
"D:\Projetos\AIvestBR\.mypy_cache\3.11\werkzeug\datastructures\headers.meta.json",".json","False"
"D:\Projetos\AIvestBR\.mypy_cache\3.11\werkzeug\datastructures\mixins.data.json",".json","False"
"D:\Projetos\AIvestBR\.mypy_cache\3.11\werkzeug\datastructures\mixins.meta.json",".json","False"
"D:\Projetos\AIvestBR\.mypy_cache\3.11\werkzeug\datastructures\range.data.json",".json","False"
"D:\Projetos\AIvestBR\.mypy_cache\3.11\werkzeug\datastructures\range.meta.json",".json","False"
"D:\Projetos\AIvestBR\.mypy_cache\3.11\werkzeug\datastructures\structures.data.json",".json","False"
"D:\Projetos\AIvestBR\.mypy_cache\3.11\werkzeug\datastructures\structures.meta.json",".json","False"
"D:\Projetos\AIvestBR\.mypy_cache\3.11\werkzeug\debug\__init__.data.json",".json","False"
"D:\Projetos\AIvestBR\.mypy_cache\3.11\werkzeug\debug\__init__.meta.json",".json","False"
"D:\Projetos\AIvestBR\.mypy_cache\3.11\werkzeug\debug\console.data.json",".json","False"
"D:\Projetos\AIvestBR\.mypy_cache\3.11\werkzeug\debug\console.meta.json",".json","False"
"D:\Projetos\AIvestBR\.mypy_cache\3.11\werkzeug\debug\repr.data.json",".json","False"
"D:\Projetos\AIvestBR\.mypy_cache\3.11\werkzeug\debug\repr.meta.json",".json","False"
"D:\Projetos\AIvestBR\.mypy_cache\3.11\werkzeug\debug\tbtools.data.json",".json","False"
"D:\Projetos\AIvestBR\.mypy_cache\3.11\werkzeug\debug\tbtools.meta.json",".json","False"
"D:\Projetos\AIvestBR\.mypy_cache\3.11\werkzeug\routing\__init__.data.json",".json","False"
"D:\Projetos\AIvestBR\.mypy_cache\3.11\werkzeug\routing\__init__.meta.json",".json","False"
"D:\Projetos\AIvestBR\.mypy_cache\3.11\werkzeug\routing\converters.data.json",".json","False"
"D:\Projetos\AIvestBR\.mypy_cache\3.11\werkzeug\routing\converters.meta.json",".json","False"
"D:\Projetos\AIvestBR\.mypy_cache\3.11\werkzeug\routing\exceptions.data.json",".json","False"
"D:\Projetos\AIvestBR\.mypy_cache\3.11\werkzeug\routing\exceptions.meta.json",".json","False"
"D:\Projetos\AIvestBR\.mypy_cache\3.11\werkzeug\routing\map.data.json",".json","False"
"D:\Projetos\AIvestBR\.mypy_cache\3.11\werkzeug\routing\map.meta.json",".json","False"
"D:\Projetos\AIvestBR\.mypy_cache\3.11\werkzeug\routing\matcher.data.json",".json","False"
"D:\Projetos\AIvestBR\.mypy_cache\3.11\werkzeug\routing\matcher.meta.json",".json","False"
"D:\Projetos\AIvestBR\.mypy_cache\3.11\werkzeug\routing\rules.data.json",".json","False"
"D:\Projetos\AIvestBR\.mypy_cache\3.11\werkzeug\routing\rules.meta.json",".json","False"
"D:\Projetos\AIvestBR\.mypy_cache\3.11\werkzeug\sansio\__init__.data.json",".json","False"
"D:\Projetos\AIvestBR\.mypy_cache\3.11\werkzeug\sansio\__init__.meta.json",".json","False"
"D:\Projetos\AIvestBR\.mypy_cache\3.11\werkzeug\sansio\http.data.json",".json","False"
"D:\Projetos\AIvestBR\.mypy_cache\3.11\werkzeug\sansio\http.meta.json",".json","False"
"D:\Projetos\AIvestBR\.mypy_cache\3.11\werkzeug\sansio\multipart.data.json",".json","False"
"D:\Projetos\AIvestBR\.mypy_cache\3.11\werkzeug\sansio\multipart.meta.json",".json","False"
"D:\Projetos\AIvestBR\.mypy_cache\3.11\werkzeug\sansio\request.data.json",".json","False"
"D:\Projetos\AIvestBR\.mypy_cache\3.11\werkzeug\sansio\request.meta.json",".json","False"
"D:\Projetos\AIvestBR\.mypy_cache\3.11\werkzeug\sansio\response.data.json",".json","False"
"D:\Projetos\AIvestBR\.mypy_cache\3.11\werkzeug\sansio\response.meta.json",".json","False"
"D:\Projetos\AIvestBR\.mypy_cache\3.11\werkzeug\sansio\utils.data.json",".json","False"
"D:\Projetos\AIvestBR\.mypy_cache\3.11\werkzeug\sansio\utils.meta.json",".json","False"
"D:\Projetos\AIvestBR\.mypy_cache\3.11\werkzeug\wrappers\__init__.data.json",".json","False"
"D:\Projetos\AIvestBR\.mypy_cache\3.11\werkzeug\wrappers\__init__.meta.json",".json","False"
"D:\Projetos\AIvestBR\.mypy_cache\3.11\werkzeug\wrappers\request.data.json",".json","False"
"D:\Projetos\AIvestBR\.mypy_cache\3.11\werkzeug\wrappers\request.meta.json",".json","False"
"D:\Projetos\AIvestBR\.mypy_cache\3.11\werkzeug\wrappers\response.data.json",".json","False"
"D:\Projetos\AIvestBR\.mypy_cache\3.11\werkzeug\wrappers\response.meta.json",".json","False"
"D:\Projetos\AIvestBR\.mypy_cache\3.11\wsgiref\__init__.data.json",".json","False"
"D:\Projetos\AIvestBR\.mypy_cache\3.11\wsgiref\__init__.meta.json",".json","False"
"D:\Projetos\AIvestBR\.mypy_cache\3.11\wsgiref\types.data.json",".json","False"
"D:\Projetos\AIvestBR\.mypy_cache\3.11\wsgiref\types.meta.json",".json","False"
"D:\Projetos\AIvestBR\.mypy_cache\3.11\zipfile\__init__.data.json",".json","False"
"D:\Projetos\AIvestBR\.mypy_cache\3.11\zipfile\__init__.meta.json",".json","False"
"D:\Projetos\AIvestBR\.mypy_cache\3.11\_pytest\_code","","True"
"D:\Projetos\AIvestBR\.mypy_cache\3.11\_pytest\_io","","True"
"D:\Projetos\AIvestBR\.mypy_cache\3.11\_pytest\assertion","","True"
"D:\Projetos\AIvestBR\.mypy_cache\3.11\_pytest\config","","True"
"D:\Projetos\AIvestBR\.mypy_cache\3.11\_pytest\mark","","True"
"D:\Projetos\AIvestBR\.mypy_cache\3.11\_pytest\__init__.data.json",".json","False"
"D:\Projetos\AIvestBR\.mypy_cache\3.11\_pytest\__init__.meta.json",".json","False"
"D:\Projetos\AIvestBR\.mypy_cache\3.11\_pytest\_argcomplete.data.json",".json","False"
"D:\Projetos\AIvestBR\.mypy_cache\3.11\_pytest\_argcomplete.meta.json",".json","False"
"D:\Projetos\AIvestBR\.mypy_cache\3.11\_pytest\_version.data.json",".json","False"
"D:\Projetos\AIvestBR\.mypy_cache\3.11\_pytest\_version.meta.json",".json","False"
"D:\Projetos\AIvestBR\.mypy_cache\3.11\_pytest\cacheprovider.data.json",".json","False"
"D:\Projetos\AIvestBR\.mypy_cache\3.11\_pytest\cacheprovider.meta.json",".json","False"
"D:\Projetos\AIvestBR\.mypy_cache\3.11\_pytest\capture.data.json",".json","False"
"D:\Projetos\AIvestBR\.mypy_cache\3.11\_pytest\capture.meta.json",".json","False"
"D:\Projetos\AIvestBR\.mypy_cache\3.11\_pytest\compat.data.json",".json","False"
"D:\Projetos\AIvestBR\.mypy_cache\3.11\_pytest\compat.meta.json",".json","False"
"D:\Projetos\AIvestBR\.mypy_cache\3.11\_pytest\debugging.data.json",".json","False"
"D:\Projetos\AIvestBR\.mypy_cache\3.11\_pytest\debugging.meta.json",".json","False"
"D:\Projetos\AIvestBR\.mypy_cache\3.11\_pytest\deprecated.data.json",".json","False"
"D:\Projetos\AIvestBR\.mypy_cache\3.11\_pytest\deprecated.meta.json",".json","False"
"D:\Projetos\AIvestBR\.mypy_cache\3.11\_pytest\doctest.data.json",".json","False"
"D:\Projetos\AIvestBR\.mypy_cache\3.11\_pytest\doctest.meta.json",".json","False"
"D:\Projetos\AIvestBR\.mypy_cache\3.11\_pytest\fixtures.data.json",".json","False"
"D:\Projetos\AIvestBR\.mypy_cache\3.11\_pytest\fixtures.meta.json",".json","False"
"D:\Projetos\AIvestBR\.mypy_cache\3.11\_pytest\freeze_support.data.json",".json","False"
"D:\Projetos\AIvestBR\.mypy_cache\3.11\_pytest\freeze_support.meta.json",".json","False"
"D:\Projetos\AIvestBR\.mypy_cache\3.11\_pytest\helpconfig.data.json",".json","False"
"D:\Projetos\AIvestBR\.mypy_cache\3.11\_pytest\helpconfig.meta.json",".json","False"
"D:\Projetos\AIvestBR\.mypy_cache\3.11\_pytest\hookspec.data.json",".json","False"
"D:\Projetos\AIvestBR\.mypy_cache\3.11\_pytest\hookspec.meta.json",".json","False"
"D:\Projetos\AIvestBR\.mypy_cache\3.11\_pytest\legacypath.data.json",".json","False"
"D:\Projetos\AIvestBR\.mypy_cache\3.11\_pytest\legacypath.meta.json",".json","False"
"D:\Projetos\AIvestBR\.mypy_cache\3.11\_pytest\logging.data.json",".json","False"
"D:\Projetos\AIvestBR\.mypy_cache\3.11\_pytest\logging.meta.json",".json","False"
"D:\Projetos\AIvestBR\.mypy_cache\3.11\_pytest\main.data.json",".json","False"
"D:\Projetos\AIvestBR\.mypy_cache\3.11\_pytest\main.meta.json",".json","False"
"D:\Projetos\AIvestBR\.mypy_cache\3.11\_pytest\monkeypatch.data.json",".json","False"
"D:\Projetos\AIvestBR\.mypy_cache\3.11\_pytest\monkeypatch.meta.json",".json","False"
"D:\Projetos\AIvestBR\.mypy_cache\3.11\_pytest\nodes.data.json",".json","False"
"D:\Projetos\AIvestBR\.mypy_cache\3.11\_pytest\nodes.meta.json",".json","False"
"D:\Projetos\AIvestBR\.mypy_cache\3.11\_pytest\outcomes.data.json",".json","False"
"D:\Projetos\AIvestBR\.mypy_cache\3.11\_pytest\outcomes.meta.json",".json","False"
"D:\Projetos\AIvestBR\.mypy_cache\3.11\_pytest\pathlib.data.json",".json","False"
"D:\Projetos\AIvestBR\.mypy_cache\3.11\_pytest\pathlib.meta.json",".json","False"
"D:\Projetos\AIvestBR\.mypy_cache\3.11\_pytest\pytester_assertions.data.json",".json","False"
"D:\Projetos\AIvestBR\.mypy_cache\3.11\_pytest\pytester_assertions.meta.json",".json","False"
"D:\Projetos\AIvestBR\.mypy_cache\3.11\_pytest\pytester.data.json",".json","False"
"D:\Projetos\AIvestBR\.mypy_cache\3.11\_pytest\pytester.meta.json",".json","False"
"D:\Projetos\AIvestBR\.mypy_cache\3.11\_pytest\python_api.data.json",".json","False"
"D:\Projetos\AIvestBR\.mypy_cache\3.11\_pytest\python_api.meta.json",".json","False"
"D:\Projetos\AIvestBR\.mypy_cache\3.11\_pytest\python.data.json",".json","False"
"D:\Projetos\AIvestBR\.mypy_cache\3.11\_pytest\python.meta.json",".json","False"
"D:\Projetos\AIvestBR\.mypy_cache\3.11\_pytest\recwarn.data.json",".json","False"
"D:\Projetos\AIvestBR\.mypy_cache\3.11\_pytest\recwarn.meta.json",".json","False"
"D:\Projetos\AIvestBR\.mypy_cache\3.11\_pytest\reports.data.json",".json","False"
"D:\Projetos\AIvestBR\.mypy_cache\3.11\_pytest\reports.meta.json",".json","False"
"D:\Projetos\AIvestBR\.mypy_cache\3.11\_pytest\runner.data.json",".json","False"
"D:\Projetos\AIvestBR\.mypy_cache\3.11\_pytest\runner.meta.json",".json","False"
"D:\Projetos\AIvestBR\.mypy_cache\3.11\_pytest\scope.data.json",".json","False"
"D:\Projetos\AIvestBR\.mypy_cache\3.11\_pytest\scope.meta.json",".json","False"
"D:\Projetos\AIvestBR\.mypy_cache\3.11\_pytest\stash.data.json",".json","False"
"D:\Projetos\AIvestBR\.mypy_cache\3.11\_pytest\stash.meta.json",".json","False"
"D:\Projetos\AIvestBR\.mypy_cache\3.11\_pytest\terminal.data.json",".json","False"
"D:\Projetos\AIvestBR\.mypy_cache\3.11\_pytest\terminal.meta.json",".json","False"
"D:\Projetos\AIvestBR\.mypy_cache\3.11\_pytest\timing.data.json",".json","False"
"D:\Projetos\AIvestBR\.mypy_cache\3.11\_pytest\timing.meta.json",".json","False"
"D:\Projetos\AIvestBR\.mypy_cache\3.11\_pytest\tmpdir.data.json",".json","False"
"D:\Projetos\AIvestBR\.mypy_cache\3.11\_pytest\tmpdir.meta.json",".json","False"
"D:\Projetos\AIvestBR\.mypy_cache\3.11\_pytest\warning_types.data.json",".json","False"
"D:\Projetos\AIvestBR\.mypy_cache\3.11\_pytest\warning_types.meta.json",".json","False"
"D:\Projetos\AIvestBR\.mypy_cache\3.11\_pytest\warnings.data.json",".json","False"
"D:\Projetos\AIvestBR\.mypy_cache\3.11\_pytest\warnings.meta.json",".json","False"
"D:\Projetos\AIvestBR\.mypy_cache\3.11\_pytest\assertion\__init__.data.json",".json","False"
"D:\Projetos\AIvestBR\.mypy_cache\3.11\_pytest\assertion\__init__.meta.json",".json","False"
"D:\Projetos\AIvestBR\.mypy_cache\3.11\_pytest\assertion\rewrite.data.json",".json","False"
"D:\Projetos\AIvestBR\.mypy_cache\3.11\_pytest\assertion\rewrite.meta.json",".json","False"
"D:\Projetos\AIvestBR\.mypy_cache\3.11\_pytest\assertion\truncate.data.json",".json","False"
"D:\Projetos\AIvestBR\.mypy_cache\3.11\_pytest\assertion\truncate.meta.json",".json","False"
"D:\Projetos\AIvestBR\.mypy_cache\3.11\_pytest\assertion\util.data.json",".json","False"
"D:\Projetos\AIvestBR\.mypy_cache\3.11\_pytest\assertion\util.meta.json",".json","False"
"D:\Projetos\AIvestBR\.mypy_cache\3.11\_pytest\config\__init__.data.json",".json","False"
"D:\Projetos\AIvestBR\.mypy_cache\3.11\_pytest\config\__init__.meta.json",".json","False"
"D:\Projetos\AIvestBR\.mypy_cache\3.11\_pytest\config\argparsing.data.json",".json","False"
"D:\Projetos\AIvestBR\.mypy_cache\3.11\_pytest\config\argparsing.meta.json",".json","False"
"D:\Projetos\AIvestBR\.mypy_cache\3.11\_pytest\config\compat.data.json",".json","False"
"D:\Projetos\AIvestBR\.mypy_cache\3.11\_pytest\config\compat.meta.json",".json","False"
"D:\Projetos\AIvestBR\.mypy_cache\3.11\_pytest\config\exceptions.data.json",".json","False"
"D:\Projetos\AIvestBR\.mypy_cache\3.11\_pytest\config\exceptions.meta.json",".json","False"
"D:\Projetos\AIvestBR\.mypy_cache\3.11\_pytest\config\findpaths.data.json",".json","False"
"D:\Projetos\AIvestBR\.mypy_cache\3.11\_pytest\config\findpaths.meta.json",".json","False"
"D:\Projetos\AIvestBR\.mypy_cache\3.11\_pytest\mark\__init__.data.json",".json","False"
"D:\Projetos\AIvestBR\.mypy_cache\3.11\_pytest\mark\__init__.meta.json",".json","False"
"D:\Projetos\AIvestBR\.mypy_cache\3.11\_pytest\mark\expression.data.json",".json","False"
"D:\Projetos\AIvestBR\.mypy_cache\3.11\_pytest\mark\expression.meta.json",".json","False"
"D:\Projetos\AIvestBR\.mypy_cache\3.11\_pytest\mark\structures.data.json",".json","False"
"D:\Projetos\AIvestBR\.mypy_cache\3.11\_pytest\mark\structures.meta.json",".json","False"
"D:\Projetos\AIvestBR\.mypy_cache\3.11\_pytest\_code\__init__.data.json",".json","False"
"D:\Projetos\AIvestBR\.mypy_cache\3.11\_pytest\_code\__init__.meta.json",".json","False"
"D:\Projetos\AIvestBR\.mypy_cache\3.11\_pytest\_code\code.data.json",".json","False"
"D:\Projetos\AIvestBR\.mypy_cache\3.11\_pytest\_code\code.meta.json",".json","False"
"D:\Projetos\AIvestBR\.mypy_cache\3.11\_pytest\_code\source.data.json",".json","False"
"D:\Projetos\AIvestBR\.mypy_cache\3.11\_pytest\_code\source.meta.json",".json","False"
"D:\Projetos\AIvestBR\.mypy_cache\3.11\_pytest\_io\__init__.data.json",".json","False"
"D:\Projetos\AIvestBR\.mypy_cache\3.11\_pytest\_io\__init__.meta.json",".json","False"
"D:\Projetos\AIvestBR\.mypy_cache\3.11\_pytest\_io\pprint.data.json",".json","False"
"D:\Projetos\AIvestBR\.mypy_cache\3.11\_pytest\_io\pprint.meta.json",".json","False"
"D:\Projetos\AIvestBR\.mypy_cache\3.11\_pytest\_io\saferepr.data.json",".json","False"
"D:\Projetos\AIvestBR\.mypy_cache\3.11\_pytest\_io\saferepr.meta.json",".json","False"
"D:\Projetos\AIvestBR\.mypy_cache\3.11\_pytest\_io\terminalwriter.data.json",".json","False"
"D:\Projetos\AIvestBR\.mypy_cache\3.11\_pytest\_io\terminalwriter.meta.json",".json","False"
"D:\Projetos\AIvestBR\.mypy_cache\3.11\_pytest\_io\wcwidth.data.json",".json","False"
"D:\Projetos\AIvestBR\.mypy_cache\3.11\_pytest\_io\wcwidth.meta.json",".json","False"
"D:\Projetos\AIvestBR\.mypy_cache\3.11\_typeshed\__init__.data.json",".json","False"
"D:\Projetos\AIvestBR\.mypy_cache\3.11\_typeshed\__init__.meta.json",".json","False"
"D:\Projetos\AIvestBR\.mypy_cache\3.11\_typeshed\importlib.data.json",".json","False"
"D:\Projetos\AIvestBR\.mypy_cache\3.11\_typeshed\importlib.meta.json",".json","False"
"D:\Projetos\AIvestBR\.mypy_cache\3.11\_typeshed\wsgi.data.json",".json","False"
"D:\Projetos\AIvestBR\.mypy_cache\3.11\_typeshed\wsgi.meta.json",".json","False"
"D:\Projetos\AIvestBR\.pytest_cache\v","","True"
"D:\Projetos\AIvestBR\.pytest_cache\.gitignore",".gitignore","False"
"D:\Projetos\AIvestBR\.pytest_cache\CACHEDIR.TAG",".TAG","False"
"D:\Projetos\AIvestBR\.pytest_cache\README.md",".md","False"
"D:\Projetos\AIvestBR\.pytest_cache\v\cache","","True"
"D:\Projetos\AIvestBR\.pytest_cache\v\cache\lastfailed","","False"
"D:\Projetos\AIvestBR\.pytest_cache\v\cache\nodeids","","False"
"D:\Projetos\AIvestBR\.pytest_cache\v\cache\stepwise","","False"
"D:\Projetos\AIvestBR\.qodo\history.sqlite",".sqlite","False"
"D:\Projetos\AIvestBR\.trunk\actions","","True"
"D:\Projetos\AIvestBR\.trunk\logs","","True"
"D:\Projetos\AIvestBR\.trunk\notifications","","True"
"D:\Projetos\AIvestBR\.trunk\out","","True"
"D:\Projetos\AIvestBR\.trunk\plugins","","True"
"D:\Projetos\AIvestBR\.trunk\tmp","","True"
"D:\Projetos\AIvestBR\.trunk\tools","","True"
"D:\Projetos\AIvestBR\.trunk\.gitignore",".gitignore","False"
"D:\Projetos\AIvestBR\.trunk\trunk.yaml",".yaml","False"
"D:\Projetos\AIvestBR\.trunk\tmp\trunk","","True"
"D:\Projetos\AIvestBR\.vscode\settings.json",".json","False"
"D:\Projetos\AIvestBR\aivestbr\utils","","True"
"D:\Projetos\AIvestBR\config\__pycache__","","True"
"D:\Projetos\AIvestBR\config\__init__.py",".py","False"
"D:\Projetos\AIvestBR\config\.env",".env","False"
"D:\Projetos\AIvestBR\config\settings.py",".py","False"
"D:\Projetos\AIvestBR\config\__pycache__\__init__.cpython-311.pyc",".pyc","False"
"D:\Projetos\AIvestBR\config\__pycache__\settings.cpython-311.pyc",".pyc","False"
"D:\Projetos\AIvestBR\data\sample","","True"
"D:\Projetos\AIvestBR\docs\data_ingestion.md",".md","False"
"D:\Projetos\AIvestBR\htmlcov\.gitignore",".gitignore","False"
"D:\Projetos\AIvestBR\htmlcov\class_index.html",".html","False"
"D:\Projetos\AIvestBR\htmlcov\coverage_html_cb_497bf287.js",".js","False"
"D:\Projetos\AIvestBR\htmlcov\favicon_32_cb_58284776.png",".png","False"
"D:\Projetos\AIvestBR\htmlcov\function_index.html",".html","False"
"D:\Projetos\AIvestBR\htmlcov\index.html",".html","False"
"D:\Projetos\AIvestBR\htmlcov\keybd_closed_cb_ce680311.png",".png","False"
"D:\Projetos\AIvestBR\htmlcov\status.json",".json","False"
"D:\Projetos\AIvestBR\htmlcov\style_cb_718ce007.css",".css","False"
"D:\Projetos\AIvestBR\htmlcov\z_352511bf6071c29c___init___py.html",".html","False"
"D:\Projetos\AIvestBR\htmlcov\z_352511bf6071c29c_configs_py.html",".html","False"
"D:\Projetos\AIvestBR\htmlcov\z_352511bf6071c29c_ingest_manager_py.html",".html","False"
"D:\Projetos\AIvestBR\htmlcov\z_6e065106e563ac8b___init___py.html",".html","False"
"D:\Projetos\AIvestBR\htmlcov\z_6e065106e563ac8b_api_ingestor_py.html",".html","False"
"D:\Projetos\AIvestBR\htmlcov\z_6e065106e563ac8b_database_ingestor_py.html",".html","False"
"D:\Projetos\AIvestBR\htmlcov\z_6e065106e563ac8b_file_ingestor_py.html",".html","False"
"D:\Projetos\AIvestBR\htmlcov\z_6e065106e563ac8b_stream_ingestor_py.html",".html","False"
"D:\Projetos\AIvestBR\htmlcov\z_79eceea82c15c233___init___py.html",".html","False"
"D:\Projetos\AIvestBR\htmlcov\z_79eceea82c15c233_file_utils_py.html",".html","False"
"D:\Projetos\AIvestBR\htmlcov\z_79eceea82c15c233_http_client_py.html",".html","False"
"D:\Projetos\AIvestBR\htmlcov\z_79eceea82c15c233_logging_config_py.html",".html","False"
"D:\Projetos\AIvestBR\htmlcov\z_79eceea82c15c233_validation_py.html",".html","False"
"D:\Projetos\AIvestBR\htmlcov\z_a53abaa024d0b840___init___py.html",".html","False"
"D:\Projetos\AIvestBR\htmlcov\z_cbd23f0a89e2ae6b___init___py.html",".html","False"
"D:\Projetos\AIvestBR\htmlcov\z_d6d0b4ee306fc230___init___py.html",".html","False"
"D:\Projetos\AIvestBR\htmlcov\z_d6d0b4ee306fc230_main_py.html",".html","False"
"D:\Projetos\AIvestBR\logs\test_module","","True"
"D:\Projetos\AIvestBR\logs\test_module\test_module_08-03-2025_00-23.log",".log","False"
"D:\Projetos\AIvestBR\logs\test_module\test_module_08-03-2025_00-24.log",".log","False"
"D:\Projetos\AIvestBR\logs\test_module\test_module_08-03-2025_00-26.log",".log","False"
"D:\Projetos\AIvestBR\logs\test_module\test_module_08-03-2025_00-27.log",".log","False"
"D:\Projetos\AIvestBR\logs\test_module\test_module_08-03-2025_00-28.log",".log","False"
"D:\Projetos\AIvestBR\logs\test_module\test_module_08-03-2025_00-29.log",".log","False"
"D:\Projetos\AIvestBR\logs\test_module\test_module_08-03-2025_00-35.log",".log","False"
"D:\Projetos\AIvestBR\logs\test_module\test_module_08-03-2025_00-37.log",".log","False"
"D:\Projetos\AIvestBR\logs\test_module\test_module_08-03-2025_00-39.log",".log","False"
"D:\Projetos\AIvestBR\logs\test_module\test_module_08-03-2025_00-40.log",".log","False"
"D:\Projetos\AIvestBR\logs\test_module\test_module_08-03-2025_00-43.log",".log","False"
"D:\Projetos\AIvestBR\logs\test_module\test_module_08-03-2025_02-12.log",".log","False"
"D:\Projetos\AIvestBR\logs\test_module\test_module_08-03-2025_02-15.log",".log","False"
"D:\Projetos\AIvestBR\logs\test_module\test_module_08-03-2025_02-18.log",".log","False"
"D:\Projetos\AIvestBR\logs\test_module\test_module_08-03-2025_02-19.log",".log","False"
"D:\Projetos\AIvestBR\logs\test_module\test_module_08-03-2025_02-21.log",".log","False"
"D:\Projetos\AIvestBR\logs\test_module\test_module_08-03-2025_03-25.log",".log","False"
"D:\Projetos\AIvestBR\prompts\tests.md",".md","False"
"D:\Projetos\AIvestBR\src\aivestbr","","True"
"D:\Projetos\AIvestBR\src\aivestbr\__pycache__","","True"
"D:\Projetos\AIvestBR\src\aivestbr\analysis","","True"
"D:\Projetos\AIvestBR\src\aivestbr\cli","","True"
"D:\Projetos\AIvestBR\src\aivestbr\data_ingestion","","True"
"D:\Projetos\AIvestBR\src\aivestbr\evaluation","","True"
"D:\Projetos\AIvestBR\src\aivestbr\forecasting","","True"
"D:\Projetos\AIvestBR\src\aivestbr\preprocessing","","True"
"D:\Projetos\AIvestBR\src\aivestbr\utils","","True"
"D:\Projetos\AIvestBR\src\aivestbr\__init__.py",".py","False"
"D:\Projetos\AIvestBR\src\aivestbr\main.py",".py","False"
"D:\Projetos\AIvestBR\src\aivestbr\analysis\__init__.py",".py","False"
"D:\Projetos\AIvestBR\src\aivestbr\cli\__init__.py",".py","False"
"D:\Projetos\AIvestBR\src\aivestbr\data_ingestion\__pycache__","","True"
"D:\Projetos\AIvestBR\src\aivestbr\data_ingestion\sources","","True"
"D:\Projetos\AIvestBR\src\aivestbr\data_ingestion\__init__.py",".py","False"
"D:\Projetos\AIvestBR\src\aivestbr\data_ingestion\configs.py",".py","False"
"D:\Projetos\AIvestBR\src\aivestbr\data_ingestion\ingest_manager.py",".py","False"
"D:\Projetos\AIvestBR\src\aivestbr\data_ingestion\sources\__init__.py",".py","False"
"D:\Projetos\AIvestBR\src\aivestbr\data_ingestion\sources\api_ingestor.py",".py","False"
"D:\Projetos\AIvestBR\src\aivestbr\data_ingestion\sources\database_ingestor.py",".py","False"
"D:\Projetos\AIvestBR\src\aivestbr\data_ingestion\sources\file_ingestor.py",".py","False"
"D:\Projetos\AIvestBR\src\aivestbr\data_ingestion\sources\stream_ingestor.py",".py","False"
"D:\Projetos\AIvestBR\src\aivestbr\data_ingestion\__pycache__\__init__.cpython-311.pyc",".pyc","False"
"D:\Projetos\AIvestBR\src\aivestbr\data_ingestion\__pycache__\coletar_dados.cpython-311.pyc",".pyc","False"
"D:\Projetos\AIvestBR\src\aivestbr\data_ingestion\__pycache__\requisicao_api.cpython-311.pyc",".pyc","False"
"D:\Projetos\AIvestBR\src\aivestbr\data_ingestion\__pycache__\requisicao_http.cpython-311.pyc",".pyc","False"
"D:\Projetos\AIvestBR\src\aivestbr\data_ingestion\__pycache__\requisicao.cpython-311.pyc",".pyc","False"
"D:\Projetos\AIvestBR\src\aivestbr\data_ingestion\__pycache__\salvamento_dados.cpython-311.pyc",".pyc","False"
"D:\Projetos\AIvestBR\src\aivestbr\utils\__pycache__","","True"
"D:\Projetos\AIvestBR\src\aivestbr\utils\__init__.py",".py","False"
"D:\Projetos\AIvestBR\src\aivestbr\utils\file_utils.py",".py","False"
"D:\Projetos\AIvestBR\src\aivestbr\utils\http_client.py",".py","False"
"D:\Projetos\AIvestBR\src\aivestbr\utils\logging_config.py",".py","False"
"D:\Projetos\AIvestBR\src\aivestbr\utils\py.typed",".typed","False"
"D:\Projetos\AIvestBR\src\aivestbr\utils\validation.py",".py","False"
"D:\Projetos\AIvestBR\src\aivestbr\utils\__pycache__\__init__.cpython-311.pyc",".pyc","False"
"D:\Projetos\AIvestBR\src\aivestbr\utils\__pycache__\data_collection.cpython-311.pyc",".pyc","False"
"D:\Projetos\AIvestBR\src\aivestbr\utils\__pycache__\logging_config.cpython-311.pyc",".pyc","False"
"D:\Projetos\AIvestBR\src\aivestbr\__pycache__\__init__.cpython-311.pyc",".pyc","False"
"D:\Projetos\AIvestBR\src\aivestbr\__pycache__\main.cpython-311.pyc",".pyc","False"
"D:\Projetos\AIvestBR\tests\__pycache__","","True"
"D:\Projetos\AIvestBR\tests\analysis","","True"
"D:\Projetos\AIvestBR\tests\cli","","True"
"D:\Projetos\AIvestBR\tests\config","","True"
"D:\Projetos\AIvestBR\tests\data_ingestion","","True"
"D:\Projetos\AIvestBR\tests\main","","True"
"D:\Projetos\AIvestBR\tests\utils","","True"
"D:\Projetos\AIvestBR\tests\__init__.py",".py","False"
"D:\Projetos\AIvestBR\tests\README.md",".md","False"
"D:\Projetos\AIvestBR\tests\analysis\__pycache__","","True"
"D:\Projetos\AIvestBR\tests\analysis\test_init.py",".py","False"
"D:\Projetos\AIvestBR\tests\analysis\__pycache__\test_init.cpython-311-pytest-8.3.5.pyc",".pyc","False"
"D:\Projetos\AIvestBR\tests\cli\test_init.py",".py","False"
"D:\Projetos\AIvestBR\tests\config\__pycache__","","True"
"D:\Projetos\AIvestBR\tests\config\test_settings.py",".py","False"
"D:\Projetos\AIvestBR\tests\config\__pycache__\test_settings.cpython-311-pytest-8.3.5.pyc",".pyc","False"
"D:\Projetos\AIvestBR\tests\data_ingestion\test_init.py",".py","False"
"D:\Projetos\AIvestBR\tests\main\__pycache__","","True"
"D:\Projetos\AIvestBR\tests\main\test_main.py",".py","False"
"D:\Projetos\AIvestBR\tests\main\__pycache__\test_main.cpython-311-pytest-8.3.5.pyc",".pyc","False"
"D:\Projetos\AIvestBR\tests\utils\__pycache__","","True"
"D:\Projetos\AIvestBR\tests\utils\test_logging_config.py",".py","False"
"D:\Projetos\AIvestBR\tests\utils\test.http",".http","False"
"D:\Projetos\AIvestBR\tests\utils\__pycache__\test_data_collection.cpython-311-pytest-8.3.5.pyc",".pyc","False"
"D:\Projetos\AIvestBR\tests\utils\__pycache__\test_logging_config.cpython-311-pytest-8.3.5.pyc",".pyc","False"
"D:\Projetos\AIvestBR\tests\__pycache__\__init__.cpython-311.pyc",".pyc","False"
"D:\Projetos\AIvestBR\tests\__pycache__\test_analysis.cpython-311.pyc",".pyc","False"
"D:\Projetos\AIvestBR\tests\__pycache__\test_coletar_dados.cpython-311-pytest-8.3.5.pyc",".pyc","False"
"D:\Projetos\AIvestBR\tests\__pycache__\test_coletar_dados.cpython-311.pyc",".pyc","False"
"D:\Projetos\AIvestBR\tests\__pycache__\test_forecasting.cpython-311.pyc",".pyc","False"
"D:\Projetos\AIvestBR\tests\__pycache__\test_main.cpython-311.pyc",".pyc","False"
"D:\Projetos\AIvestBR\tests\__pycache__\test_requisicao_api.cpython-311-pytest-8.3.5.pyc",".pyc","False"
"D:\Projetos\AIvestBR\tests\__pycache__\test_requisicao_api.cpython-311.pyc",".pyc","False"
"D:\Projetos\AIvestBR\tests\__pycache__\test_requisicao_http.cpython-311-pytest-8.3.5.pyc",".pyc","False"
"D:\Projetos\AIvestBR\tests\__pycache__\test_salvamento_dados.cpython-311-pytest-8.3.5.pyc",".pyc","False"
"D:\Projetos\AIvestBR\tests\__pycache__\test_salvamento_dados.cpython-311.pyc",".pyc","False"
"D:\Projetos\AIvestBR\tests\__pycache__\test_settings.cpython-311-pytest-8.3.5.pyc",".pyc","False"
"D:\Projetos\AIvestBR\tests\__pycache__\test_utils.cpython-311.pyc",".pyc","False"
